timestamp	Placeholder1	Placeholder2	Sensor	Status	X	Y	Z	Qw	Qx	Qy	Qz	Sensor	Status	X	Y	Z	Qw	Qx	Qy	Qz	Sensor	Status	X	Y	Z	Qw	Qx	Qy	Qz	Sensor	Status	X	Y	Z	Qw	Qx	Qy	Qz	Sensor	Status	X	Y	Z	Qw	Qx	Qy	Qz	Sensor	Status	X	Y	Z	Qw	Qx	Qy	Qz	Sensor	Status	X	Y	Z	Qw	Qx	Qy	Qz	Target	Hit	X	Y	Z	Radius X	Radius Y	Radius Z	MarkerAssociated	Target	Hit	X	Y	Z	Radius X	Radius Y	Radius Z	MarkerAssociated	Landmark	Placeholder	X	Y	Z	Placeholder	Placeholder	Placeholder	Placeholder	UnityStreamerTimestamp	BufferTimestamp	RenderedTimestamp
119	0	0	4	55	-94.085	-16.759	5.844	0	0	0	0	5	55	-88.689	-25.619	5.814	0	0	0	0	6	55	-89.872	-18.653	20.411	0	0	0	0	7	55	-96.05	-25.572	-3.693	0	0	0	0	8	55	-84.51	-31.059	8.407	0	0	0	0	9	55	-135.934	3.991	10.994	0	0	0	0	10	55	-74.14	5.28	-1.442	0	0	0	0	1	0	-68.693	-9.041	0.031	5	5	5	1	2	0	-68.693	-9.041	0.031	5	5	5	1	0	0	-75.453	4.568	-1.204	0	0	0	0	57808183	57808292	0
120	0	0	4	55	-94.085	-16.759	5.844	0	0	0	0	5	55	-88.689	-25.619	5.814	0	0	0	0	6	55	-89.872	-18.653	20.411	0	0	0	0	7	55	-96.05	-25.572	-3.693	0	0	0	0	8	55	-84.51	-31.059	8.407	0	0	0	0	9	55	-135.934	3.991	10.994	0	0	0	0	10	55	-74.14	5.28	-1.442	0	0	0	0	1	0	-68.693	-9.041	0.031	5	5	5	1	2	0	-68.693	-9.041	0.031	5	5	5	1	0	0	-75.453	4.568	-1.204	0	0	0	0	57808183	57808292	57808292
121	0	0	4	55	-94.085	-16.759	5.844	0	0	0	0	5	55	-88.689	-25.619	5.814	0	0	0	0	6	55	-89.872	-18.653	20.411	0	0	0	0	7	55	-96.05	-25.572	-3.693	0	0	0	0	8	55	-84.51	-31.059	8.407	0	0	0	0	9	55	-135.934	3.991	10.994	0	0	0	0	10	55	-74.14	5.28	-1.442	0	0	0	0	1	0	-68.693	-9.041	0.031	5	5	5	1	2	0	-68.693	-9.041	0.031	5	5	5	1	0	0	-75.453	4.568	-1.204	0	0	0	0	57808184	57808293	0
121	0	0	4	55	-94.085	-16.759	5.844	0	0	0	0	5	55	-88.689	-25.619	5.814	0	0	0	0	6	55	-89.872	-18.653	20.411	0	0	0	0	7	55	-96.05	-25.572	-3.693	0	0	0	0	8	55	-84.51	-31.059	8.407	0	0	0	0	9	55	-135.934	3.991	10.994	0	0	0	0	10	55	-74.14	5.28	-1.442	0	0	0	0	1	0	-68.693	-9.041	0.031	5	5	5	1	2	0	-68.693	-9.041	0.031	5	5	5	1	0	0	-75.453	4.568	-1.204	0	0	0	0	57808184	57808293	0
121	0	0	4	55	-94.085	-16.759	5.844	0	0	0	0	5	55	-88.689	-25.619	5.814	0	0	0	0	6	55	-89.872	-18.653	20.411	0	0	0	0	7	55	-96.05	-25.572	-3.693	0	0	0	0	8	55	-84.51	-31.059	8.407	0	0	0	0	9	55	-135.934	3.991	10.994	0	0	0	0	10	55	-74.14	5.28	-1.442	0	0	0	0	1	0	-68.693	-9.041	0.031	5	5	5	1	2	0	-68.693	-9.041	0.031	5	5	5	1	0	0	-75.453	4.568	-1.204	0	0	0	0	57808185	57808294	0
122	0	0	4	55	-94.085	-16.759	5.844	0	0	0	0	5	55	-88.689	-25.619	5.814	0	0	0	0	6	55	-89.872	-18.653	20.411	0	0	0	0	7	55	-96.05	-25.572	-3.693	0	0	0	0	8	55	-84.51	-31.059	8.407	0	0	0	0	9	55	-135.934	3.991	10.994	0	0	0	0	10	55	-74.14	5.28	-1.442	0	0	0	0	1	0	-68.693	-9.041	0.031	5	5	5	1	2	0	-68.693	-9.041	0.031	5	5	5	1	0	0	-75.453	4.568	-1.204	0	0	0	0	57808185	57808294	0
122	0	0	4	55	-94.085	-16.759	5.844	0	0	0	0	5	55	-88.689	-25.619	5.814	0	0	0	0	6	55	-89.872	-18.653	20.411	0	0	0	0	7	55	-96.05	-25.572	-3.693	0	0	0	0	8	55	-84.51	-31.059	8.407	0	0	0	0	9	55	-135.934	3.991	10.994	0	0	0	0	10	55	-74.14	5.28	-1.442	0	0	0	0	1	0	-68.693	-9.041	0.031	5	5	5	1	2	0	-68.693	-9.041	0.031	5	5	5	1	0	0	-75.453	4.568	-1.204	0	0	0	0	57808185	57808295	0
123	0	0	4	55	-94.085	-16.759	5.844	0	0	0	0	5	55	-88.689	-25.619	5.814	0	0	0	0	6	55	-89.872	-18.653	20.411	0	0	0	0	7	55	-96.05	-25.572	-3.693	0	0	0	0	8	55	-84.51	-31.059	8.407	0	0	0	0	9	55	-135.934	3.991	10.994	0	0	0	0	10	55	-74.14	5.28	-1.442	0	0	0	0	1	0	-68.693	-9.041	0.031	5	5	5	1	2	0	-68.693	-9.041	0.031	5	5	5	1	0	0	-75.453	4.568	-1.204	0	0	0	0	57808185	57808295	0
123	0	0	4	55	-94.085	-16.759	5.844	0	0	0	0	5	55	-88.689	-25.619	5.814	0	0	0	0	6	55	-89.872	-18.653	20.411	0	0	0	0	7	55	-96.05	-25.572	-3.693	0	0	0	0	8	55	-84.51	-31.059	8.407	0	0	0	0	9	55	-135.934	3.991	10.994	0	0	0	0	10	55	-74.14	5.28	-1.442	0	0	0	0	1	0	-68.693	-9.041	0.031	5	5	5	1	2	0	-68.693	-9.041	0.031	5	5	5	1	0	0	-75.453	4.568	-1.204	0	0	0	0	57808186	57808295	0
123	0	0	4	55	-94.085	-16.759	5.844	0	0	0	0	5	55	-88.689	-25.619	5.814	0	0	0	0	6	55	-89.872	-18.653	20.411	0	0	0	0	7	55	-96.05	-25.572	-3.693	0	0	0	0	8	55	-84.51	-31.059	8.407	0	0	0	0	9	55	-135.934	3.991	10.994	0	0	0	0	10	55	-74.14	5.28	-1.442	0	0	0	0	1	0	-68.693	-9.041	0.031	5	5	5	1	2	0	-68.693	-9.041	0.031	5	5	5	1	0	0	-75.453	4.568	-1.204	0	0	0	0	57808186	57808295	0
124	0	0	4	55	-94.085	-16.759	5.844	0	0	0	0	5	55	-88.689	-25.619	5.814	0	0	0	0	6	55	-89.872	-18.653	20.411	0	0	0	0	7	55	-96.05	-25.572	-3.693	0	0	0	0	8	55	-84.51	-31.059	8.407	0	0	0	0	9	55	-135.934	3.991	10.994	0	0	0	0	10	55	-74.14	5.28	-1.442	0	0	0	0	1	0	-68.693	-9.041	0.031	5	5	5	1	2	0	-68.693	-9.041	0.031	5	5	5	1	0	0	-75.453	4.568	-1.204	0	0	0	0	57808186	57808296	0
124	0	0	4	55	-94.085	-16.759	5.844	0	0	0	0	5	55	-88.689	-25.619	5.814	0	0	0	0	6	55	-89.872	-18.653	20.411	0	0	0	0	7	55	-96.05	-25.572	-3.693	0	0	0	0	8	55	-84.51	-31.059	8.407	0	0	0	0	9	55	-135.934	3.991	10.994	0	0	0	0	10	55	-74.14	5.28	-1.442	0	0	0	0	1	0	-68.693	-9.041	0.031	5	5	5	1	2	0	-68.693	-9.041	0.031	5	5	5	1	0	0	-75.453	4.568	-1.204	0	0	0	0	57808186	57808296	57808296
130	0	0	4	55	-93.498	-17.855	4.472	0	0	0	0	5	55	-88.844	-26.713	4.07	0	0	0	0	6	55	-89.615	-19.972	18.827	0	0	0	0	7	55	-94.831	-26.944	-5.349	0	0	0	0	8	55	-84.559	-32.173	7.973	0	0	0	0	9	55	-135.057	2.355	9.699	0	0	0	0	10	55	-74.511	3.225	-1.747	0	0	0	0	1	0	-68.693	-9.041	0.031	5	5	5	1	2	0	-68.693	-9.041	0.031	5	5	5	1	0	0	-75.453	4.568	-1.204	0	0	0	0	57808292	57808302	57808302
146	0	0	4	55	-93.445	-18.327	4.239	0	0	0	0	5	55	-88.383	-27.162	3.997	0	0	0	0	6	55	-89.472	-20.188	18.684	0	0	0	0	7	55	-94.593	-27.716	-5.744	0	0	0	0	8	55	-84.52	-32.392	7.317	0	0	0	0	9	55	-134.977	1.667	9.562	0	0	0	0	10	55	-73.818	2.883	-3.045	0	0	0	0	1	0	-68.693	-9.041	0.031	5	5	5	1	2	0	-68.693	-9.041	0.031	5	5	5	1	0	0	-75.453	4.568	-1.204	0	0	0	0	57808309	57808318	0
146	0	0	4	55	-93.445	-18.327	4.239	0	0	0	0	5	55	-88.383	-27.162	3.997	0	0	0	0	6	55	-89.472	-20.188	18.684	0	0	0	0	7	55	-94.593	-27.716	-5.744	0	0	0	0	8	55	-84.52	-32.392	7.317	0	0	0	0	9	55	-134.977	1.667	9.562	0	0	0	0	10	55	-73.818	2.883	-3.045	0	0	0	0	1	0	-68.693	-9.041	0.031	5	5	5	1	2	0	-68.693	-9.041	0.031	5	5	5	1	0	0	-75.453	4.568	-1.204	0	0	0	0	57808309	57808319	57808319
162	0	0	4	55	-93.629	-18.332	4.173	0	0	0	0	5	55	-88.51	-26.731	3.767	0	0	0	0	6	55	-89.612	-20.051	18.853	0	0	0	0	7	55	-94.356	-27.449	-5.591	0	0	0	0	8	55	-84.71	-32.176	8.282	0	0	0	0	9	55	-135.024	2.177	9.605	0	0	0	0	10	55	-74.125	3.138	-2.456	0	0	0	0	1	0	-68.693	-9.041	0.031	5	5	5	1	2	0	-68.693	-9.041	0.031	5	5	5	1	0	0	-75.453	4.568	-1.204	0	0	0	0	57808325	57808335	57808335
179	0	0	4	55	-93.678	-18.403	4.306	0	0	0	0	5	55	-88.519	-27.225	4.202	0	0	0	0	6	55	-89.459	-20.359	18.887	0	0	0	0	7	55	-94.471	-27.723	-5.705	0	0	0	0	8	55	-84.826	-32.502	8.443	0	0	0	0	9	55	-134.797	1.843	9.534	0	0	0	0	10	55	-74.584	2.935	-2.312	0	0	0	0	1	0	-68.693	-9.041	0.031	5	5	5	1	2	0	-68.693	-9.041	0.031	5	5	5	1	0	0	-75.453	4.568	-1.204	0	0	0	0	57808343	57808352	0
180	0	0	4	55	-93.678	-18.403	4.306	0	0	0	0	5	55	-88.519	-27.225	4.202	0	0	0	0	6	55	-89.459	-20.359	18.886	0	0	0	0	7	55	-94.471	-27.723	-5.705	0	0	0	0	8	55	-84.826	-32.502	8.443	0	0	0	0	9	55	-134.797	1.843	9.534	0	0	0	0	10	55	-74.584	2.935	-2.312	0	0	0	0	1	0	-68.693	-9.041	0.031	5	5	5	1	2	0	-68.693	-9.041	0.031	5	5	5	1	0	0	-75.453	4.568	-1.204	0	0	0	0	57808343	57808352	57808352
196	0	0	4	55	-93.603	-18.245	4.246	0	0	0	0	5	55	-88.384	-26.829	3.853	0	0	0	0	6	55	-89.657	-19.808	18.678	0	0	0	0	7	55	-94.606	-27.104	-5.517	0	0	0	0	8	55	-84.676	-32.158	7.883	0	0	0	0	9	55	-135.428	2.371	9.802	0	0	0	0	10	55	-73.975	2.96	-2.595	0	0	0	0	1	0	-68.693	-9.041	0.031	5	5	5	1	2	0	-68.693	-9.041	0.031	5	5	5	1	0	0	-75.453	4.568	-1.204	0	0	0	0	57808361	57808368	0
196	0	0	4	55	-93.603	-18.245	4.246	0	0	0	0	5	55	-88.384	-26.829	3.853	0	0	0	0	6	55	-89.657	-19.808	18.678	0	0	0	0	7	55	-94.606	-27.104	-5.516	0	0	0	0	8	55	-84.676	-32.158	7.883	0	0	0	0	9	55	-135.428	2.371	9.802	0	0	0	0	10	55	-73.975	2.96	-2.595	0	0	0	0	1	0	-68.693	-9.041	0.031	5	5	5	1	2	0	-68.693	-9.041	0.031	5	5	5	1	0	0	-75.453	4.568	-1.204	0	0	0	0	57808361	57808369	57808369
213	0	0	4	55	-93.725	-18.26	4.52	0	0	0	0	5	55	-88.49	-26.984	3.765	0	0	0	0	6	55	-89.544	-19.784	18.874	0	0	0	0	7	55	-94.869	-27.106	-5.313	0	0	0	0	8	55	-84.759	-32.266	7.264	0	0	0	0	9	55	-135.332	2.349	9.814	0	0	0	0	10	55	-73.852	3.134	-2.829	0	0	0	0	1	0	-68.693	-9.041	0.031	5	5	5	1	2	0	-68.693	-9.041	0.031	5	5	5	1	0	0	-75.453	4.568	-1.204	0	0	0	0	57808376	57808385	57808385
229	0	0	4	55	-94.284	-17.592	4.908	0	0	0	0	5	55	-88.916	-26.479	4.323	0	0	0	0	6	55	-89.731	-19.238	19.07	0	0	0	0	7	55	-94.9	-26.823	-5.524	0	0	0	0	8	55	-85.501	-31.533	8.27	0	0	0	0	9	55	-135.442	3.04	10.35	0	0	0	0	10	55	-73.99	3.522	-1.926	0	0	0	0	1	0	-68.693	-9.041	0.031	5	5	5	1	2	0	-68.693	-9.041	0.031	5	5	5	1	0	0	-75.453	4.568	-1.204	0	0	0	0	57808393	57808401	0
229	0	0	4	55	-94.284	-17.592	4.908	0	0	0	0	5	55	-88.916	-26.479	4.323	0	0	0	0	6	55	-89.731	-19.238	19.07	0	0	0	0	7	55	-94.9	-26.823	-5.524	0	0	0	0	8	55	-85.501	-31.533	8.27	0	0	0	0	9	55	-135.442	3.04	10.35	0	0	0	0	10	55	-73.99	3.522	-1.926	0	0	0	0	1	0	-68.693	-9.041	0.031	5	5	5	1	2	0	-68.693	-9.041	0.031	5	5	5	1	0	0	-75.453	4.568	-1.204	0	0	0	0	57808393	57808402	57808402
246	0	0	4	55	-94.355	-17.505	4.967	0	0	0	0	5	55	-88.907	-26.306	4.474	0	0	0	0	6	55	-89.823	-19.355	19.261	0	0	0	0	7	55	-95.244	-26.684	-5.069	0	0	0	0	8	55	-85.627	-31.486	8.407	0	0	0	0	9	55	-135.505	3.15	10.444	0	0	0	0	10	55	-74.647	3.425	-1.414	0	0	0	0	1	0	-68.693	-9.041	0.031	5	5	5	1	2	0	-68.693	-9.041	0.031	5	5	5	1	0	0	-75.453	4.568	-1.204	0	0	0	0	57808410	57808419	0
247	0	0	4	55	-94.355	-17.505	4.967	0	0	0	0	5	55	-88.907	-26.306	4.474	0	0	0	0	6	55	-89.823	-19.355	19.261	0	0	0	0	7	55	-95.244	-26.684	-5.069	0	0	0	0	8	55	-85.627	-31.486	8.407	0	0	0	0	9	55	-135.505	3.15	10.444	0	0	0	0	10	55	-74.647	3.425	-1.414	0	0	0	0	1	0	-68.693	-9.041	0.031	5	5	5	1	2	0	-68.693	-9.041	0.031	5	5	5	1	0	0	-75.453	4.568	-1.204	0	0	0	0	57808410	57808419	57808419
262	0	0	4	55	-94.395	-17.486	4.958	0	0	0	0	5	55	-88.958	-26.279	4.365	0	0	0	0	6	55	-89.76	-19.389	19.318	0	0	0	0	7	55	-95.489	-26.41	-4.916	0	0	0	0	8	55	-85.629	-31.46	8.406	0	0	0	0	9	55	-135.484	3.155	10.455	0	0	0	0	10	55	-74.121	3.387	-2.067	0	0	0	0	1	0	-68.693	-9.041	0.031	5	5	5	1	2	0	-68.693	-9.041	0.031	5	5	5	1	0	0	-75.453	4.568	-1.204	0	0	0	0	57808425	57808435	57808435
279	0	0	4	55	-94.361	-17.592	4.797	0	0	0	0	5	55	-88.794	-26.63	4.672	0	0	0	0	6	55	-89.546	-19.307	19.214	0	0	0	0	7	55	-95.19	-26.489	-5.244	0	0	0	0	8	55	-85.609	-31.546	8.246	0	0	0	0	9	55	-135.382	3.007	10.301	0	0	0	0	10	55	-74.81	3.259	-1.881	0	0	0	0	1	0	-68.693	-9.041	0.031	5	5	5	1	2	0	-68.693	-9.041	0.031	5	5	5	1	0	0	-75.453	4.568	-1.204	0	0	0	0	57808442	57808452	0
280	0	0	4	55	-94.361	-17.592	4.797	0	0	0	0	5	55	-88.794	-26.63	4.672	0	0	0	0	6	55	-89.546	-19.307	19.214	0	0	0	0	7	55	-95.19	-26.489	-5.244	0	0	0	0	8	55	-85.609	-31.547	8.246	0	0	0	0	9	55	-135.382	3.007	10.301	0	0	0	0	10	55	-74.81	3.259	-1.881	0	0	0	0	1	0	-68.693	-9.041	0.031	5	5	5	1	2	0	-68.693	-9.041	0.031	5	5	5	1	0	0	-75.453	4.568	-1.204	0	0	0	0	57808443	57808452	57808452
296	0	0	4	55	-94.083	-17.712	4.524	0	0	0	0	5	55	-88.986	-26.674	4.312	0	0	0	0	6	55	-89.789	-19.161	19.011	0	0	0	0	7	55	-95.27	-26.815	-5.216	0	0	0	0	8	55	-85.761	-31.617	8.302	0	0	0	0	9	55	-135.481	2.964	10.349	0	0	0	0	10	55	-75.284	3.153	-1.739	0	0	0	0	1	0	-68.693	-9.041	0.031	5	5	5	1	2	0	-68.693	-9.041	0.031	5	5	5	1	0	0	-75.453	4.568	-1.204	0	0	0	0	57808459	57808468	0
296	0	0	4	55	-94.083	-17.712	4.524	0	0	0	0	5	55	-88.986	-26.674	4.312	0	0	0	0	6	55	-89.789	-19.161	19.011	0	0	0	0	7	55	-95.27	-26.815	-5.216	0	0	0	0	8	55	-85.761	-31.617	8.302	0	0	0	0	9	55	-135.481	2.964	10.349	0	0	0	0	10	55	-75.284	3.153	-1.739	0	0	0	0	1	0	-68.693	-9.041	0.031	5	5	5	1	2	0	-68.693	-9.041	0.031	5	5	5	1	0	0	-75.453	4.568	-1.204	0	0	0	0	57808459	57808469	57808469
312	0	0	4	55	-94.318	-17.854	4.59	0	0	0	0	5	55	-89.283	-26.777	4.097	0	0	0	0	6	55	-89.794	-19.379	19.011	0	0	0	0	7	55	-95.333	-26.867	-5.379	0	0	0	0	8	55	-85.819	-31.722	8.266	0	0	0	0	9	55	-135.588	2.799	10.335	0	0	0	0	10	55	-75.273	2.934	-1.688	0	0	0	0	1	0	-68.693	-9.041	0.031	5	5	5	1	2	0	-68.693	-9.041	0.031	5	5	5	1	0	0	-75.453	4.568	-1.204	0	0	0	0	57808475	57808485	57808485
329	0	0	4	55	-94.471	-18.178	4.354	0	0	0	0	5	55	-89.023	-26.878	4.204	0	0	0	0	6	55	-90.013	-19.422	18.581	0	0	0	0	7	55	-95.525	-27.184	-5.436	0	0	0	0	8	55	-85.752	-31.825	8.234	0	0	0	0	9	55	-135.48	2.523	10.144	0	0	0	0	10	55	-74.957	2.565	-2.425	0	0	0	0	1	0	-68.693	-9.041	0.031	5	5	5	1	2	0	-68.693	-9.041	0.031	5	5	5	1	0	0	-75.453	4.568	-1.204	0	0	0	0	57808492	57808502	0
330	0	0	4	55	-94.471	-18.178	4.354	0	0	0	0	5	55	-89.023	-26.878	4.204	0	0	0	0	6	55	-90.013	-19.422	18.581	0	0	0	0	7	55	-95.525	-27.184	-5.436	0	0	0	0	8	55	-85.752	-31.825	8.234	0	0	0	0	9	55	-135.48	2.523	10.144	0	0	0	0	10	55	-74.957	2.565	-2.425	0	0	0	0	1	0	-68.693	-9.041	0.031	5	5	5	1	2	0	-68.693	-9.041	0.031	5	5	5	1	0	0	-75.453	4.568	-1.204	0	0	0	0	57808493	57808502	57808502
346	0	0	4	55	-94.445	-18.489	4.161	0	0	0	0	5	55	-89.219	-27.389	3.714	0	0	0	0	6	55	-90.041	-20.052	18.478	0	0	0	0	7	55	-95.351	-27.683	-5.945	0	0	0	0	8	55	-85.709	-32.174	7.994	0	0	0	0	9	55	-135.466	2.054	9.883	0	0	0	0	10	55	-74.576	1.972	-2.618	0	0	0	0	1	0	-68.693	-9.041	0.031	5	5	5	1	2	0	-68.693	-9.041	0.031	5	5	5	1	0	0	-75.453	4.568	-1.204	0	0	0	0	57808509	57808518	0
346	0	0	4	55	-94.445	-18.489	4.161	0	0	0	0	5	55	-89.219	-27.389	3.714	0	0	0	0	6	55	-90.041	-20.052	18.478	0	0	0	0	7	55	-95.351	-27.683	-5.945	0	0	0	0	8	55	-85.709	-32.174	7.994	0	0	0	0	9	55	-135.466	2.054	9.883	0	0	0	0	10	55	-74.576	1.972	-2.618	0	0	0	0	1	0	-68.693	-9.041	0.031	5	5	5	1	2	0	-68.693	-9.041	0.031	5	5	5	1	0	0	-75.453	4.568	-1.204	0	0	0	0	57808509	57808519	57808519
362	0	0	4	55	-94.362	-18.176	4.49	0	0	0	0	5	55	-89.451	-27.603	3.992	0	0	0	0	6	55	-89.776	-20.13	19.072	0	0	0	0	7	55	-96.23	-27.78	-5.571	0	0	0	0	8	55	-85.398	-32.462	7.233	0	0	0	0	9	55	-135.432	2.114	10.05	0	0	0	0	10	55	-74.905	1.945	-2.1	0	0	0	0	1	0	-68.693	-9.041	0.031	5	5	5	1	2	0	-68.693	-9.041	0.031	5	5	5	1	0	0	-75.453	4.568	-1.204	0	0	0	0	57808526	57808535	57808535
379	0	0	4	55	-94.718	-18.248	4.721	0	0	0	0	5	55	-89.853	-27.141	4.218	0	0	0	0	6	55	-90.47	-20.099	19.085	0	0	0	0	7	55	-96.153	-27.216	-5.352	0	0	0	0	8	55	-85.558	-32.373	6.608	0	0	0	0	9	55	-135.645	2.275	10.417	0	0	0	0	10	55	-75.734	1.998	-2.213	0	0	0	0	1	0	-68.693	-9.041	0.031	5	5	5	1	2	0	-68.693	-9.041	0.031	5	5	5	1	0	0	-75.453	4.568	-1.204	0	0	0	0	57808542	57808551	0
380	0	0	4	55	-94.718	-18.248	4.721	0	0	0	0	5	55	-89.853	-27.141	4.218	0	0	0	0	6	55	-90.47	-20.099	19.085	0	0	0	0	7	55	-96.153	-27.216	-5.352	0	0	0	0	8	55	-85.558	-32.373	6.608	0	0	0	0	9	55	-135.645	2.275	10.417	0	0	0	0	10	55	-75.734	1.998	-2.213	0	0	0	0	1	0	-68.693	-9.041	0.031	5	5	5	1	2	0	-68.693	-9.041	0.031	5	5	5	1	0	0	-75.453	4.568	-1.204	0	0	0	0	57808543	57808552	57808552
396	0	0	4	55	-94.556	-18.18	4.773	0	0	0	0	5	55	-90.073	-27.461	4.324	0	0	0	0	6	55	-90.522	-19.919	18.957	0	0	0	0	7	55	-95.727	-26.962	-5.337	0	0	0	0	8	55	-85.978	-31.985	7.928	0	0	0	0	9	55	-135.605	2.527	10.317	0	0	0	0	10	55	-75.058	2.169	-2.235	0	0	0	0	1	0	-68.693	-9.041	0.031	5	5	5	1	2	0	-68.693	-9.041	0.031	5	5	5	1	0	0	-75.453	4.568	-1.204	0	0	0	0	57808559	57808568	0
396	0	0	4	55	-94.556	-18.18	4.773	0	0	0	0	5	55	-90.073	-27.461	4.324	0	0	0	0	6	55	-90.522	-19.919	18.957	0	0	0	0	7	55	-95.727	-26.962	-5.337	0	0	0	0	8	55	-85.978	-31.985	7.928	0	0	0	0	9	55	-135.605	2.527	10.317	0	0	0	0	10	55	-75.058	2.169	-2.235	0	0	0	0	1	0	-68.693	-9.041	0.031	5	5	5	1	2	0	-68.693	-9.041	0.031	5	5	5	1	0	0	-75.453	4.568	-1.204	0	0	0	0	57808559	57808569	57808569
412	0	0	4	55	-94.763	-18.062	4.799	0	0	0	0	5	55	-89.897	-27.197	4.254	0	0	0	0	6	55	-90.442	-19.732	18.683	0	0	0	0	7	55	-96.425	-26.509	-5.13	0	0	0	0	8	55	-85.92	-32.056	7.857	0	0	0	0	9	55	-135.588	2.516	10.358	0	0	0	0	10	55	-76.063	2.263	-2.001	0	0	0	0	1	0	-68.693	-9.041	0.031	5	5	5	1	2	0	-68.693	-9.041	0.031	5	5	5	1	0	0	-75.453	4.568	-1.204	0	0	0	0	57808576	57808585	57808585
429	0	0	4	55	-94.911	-18.205	4.491	0	0	0	0	5	55	-89.821	-27.013	4.076	0	0	0	0	6	55	-90.345	-19.887	18.997	0	0	0	0	7	55	-96.105	-27.669	-5.79	0	0	0	0	8	55	-86.03	-32.051	7.609	0	0	0	0	9	55	-135.66	2.353	10.313	0	0	0	0	10	55	-75.507	2.045	-2.366	0	0	0	0	1	0	-68.693	-9.041	0.031	5	5	5	1	2	0	-68.693	-9.041	0.031	5	5	5	1	0	0	-75.453	4.568	-1.204	0	0	0	0	57808593	57808602	0
430	0	0	4	55	-94.911	-18.205	4.491	0	0	0	0	5	55	-89.821	-27.013	4.076	0	0	0	0	6	55	-90.345	-19.887	18.997	0	0	0	0	7	55	-96.105	-27.669	-5.79	0	0	0	0	8	55	-86.03	-32.051	7.61	0	0	0	0	9	55	-135.66	2.353	10.313	0	0	0	0	10	55	-75.507	2.045	-2.366	0	0	0	0	1	0	-68.693	-9.041	0.031	5	5	5	1	2	0	-68.693	-9.041	0.031	5	5	5	1	0	0	-75.453	4.568	-1.204	0	0	0	0	57808593	57808602	57808602
446	0	0	4	55	-95.024	-17.952	4.923	0	0	0	0	5	55	-90.217	-26.982	4.314	0	0	0	0	6	55	-90.863	-19.572	18.681	0	0	0	0	7	55	-96.72	-26.801	-5.144	0	0	0	0	8	55	-86.258	-32.003	8.229	0	0	0	0	9	55	-135.703	2.59	10.568	0	0	0	0	10	55	-75.638	2.252	-2.272	0	0	0	0	1	0	-68.693	-9.041	0.031	5	5	5	1	2	0	-68.693	-9.041	0.031	5	5	5	1	0	0	-75.453	4.568	-1.204	0	0	0	0	57808609	57808618	0
446	0	0	4	55	-95.024	-17.952	4.923	0	0	0	0	5	55	-90.217	-26.982	4.314	0	0	0	0	6	55	-90.863	-19.572	18.681	0	0	0	0	7	55	-96.72	-26.801	-5.144	0	0	0	0	8	55	-86.258	-32.003	8.229	0	0	0	0	9	55	-135.703	2.59	10.568	0	0	0	0	10	55	-75.638	2.252	-2.272	0	0	0	0	1	0	-68.693	-9.041	0.031	5	5	5	1	2	0	-68.693	-9.041	0.031	5	5	5	1	0	0	-75.453	4.568	-1.204	0	0	0	0	57808609	57808618	57808618
463	0	0	4	55	-94.988	-18.017	4.716	0	0	0	0	5	55	-90.183	-27.045	4.074	0	0	0	0	6	55	-90.658	-19.517	18.687	0	0	0	0	7	55	-96.561	-26.887	-5.371	0	0	0	0	8	55	-86.107	-31.88	8.237	0	0	0	0	9	55	-135.689	2.502	10.306	0	0	0	0	10	55	-75.751	2.465	-2.505	0	0	0	0	1	0	-68.693	-9.041	0.031	5	5	5	1	2	0	-68.693	-9.041	0.031	5	5	5	1	0	0	-75.453	4.568	-1.204	0	0	0	0	57808626	57808635	57808635
479	0	0	4	55	-95.085	-17.895	4.324	0	0	0	0	5	55	-90.192	-27.385	4.009	0	0	0	0	6	55	-90.619	-19.424	18.457	0	0	0	0	7	55	-96.303	-27.077	-5.35	0	0	0	0	8	55	-86.718	-31.792	10.302	0	0	0	0	9	55	-135.597	2.484	10.251	0	0	0	0	10	55	-75.099	1.915	-2.913	0	0	0	0	1	0	-68.693	-9.041	0.031	5	5	5	1	2	0	-68.693	-9.041	0.031	5	5	5	1	0	0	-75.453	4.568	-1.204	0	0	0	0	57808643	57808652	0
480	0	0	4	55	-95.085	-17.895	4.324	0	0	0	0	5	55	-90.192	-27.385	4.009	0	0	0	0	6	55	-90.619	-19.424	18.457	0	0	0	0	7	55	-96.303	-27.077	-5.35	0	0	0	0	8	55	-86.718	-31.792	10.302	0	0	0	0	9	55	-135.597	2.484	10.251	0	0	0	0	10	55	-75.099	1.915	-2.913	0	0	0	0	1	0	-68.693	-9.041	0.031	5	5	5	1	2	0	-68.693	-9.041	0.031	5	5	5	1	0	0	-75.453	4.568	-1.204	0	0	0	0	57808643	57808652	57808652
496	0	0	4	55	-95.005	-18.405	4.476	0	0	0	0	5	55	-90.172	-27.402	4.068	0	0	0	0	6	55	-90.776	-19.661	18.25	0	0	0	0	7	55	-96.25	-27.241	-5.314	0	0	0	0	8	55	-86.148	-32.029	8.304	0	0	0	0	9	55	-135.355	2.666	9.453	0	0	0	0	10	55	-75.403	2.004	-2.439	0	0	0	0	1	0	-68.693	-9.041	0.031	5	5	5	1	2	0	-68.693	-9.041	0.031	5	5	5	1	0	0	-75.453	4.568	-1.204	0	0	0	0	57808658	57808668	0
496	0	0	4	55	-95.005	-18.405	4.476	0	0	0	0	5	55	-90.172	-27.402	4.068	0	0	0	0	6	55	-90.776	-19.661	18.25	0	0	0	0	7	55	-96.25	-27.241	-5.314	0	0	0	0	8	55	-86.148	-32.029	8.304	0	0	0	0	9	55	-135.355	2.666	9.453	0	0	0	0	10	55	-75.403	2.004	-2.439	0	0	0	0	1	0	-68.693	-9.041	0.031	5	5	5	1	2	0	-68.693	-9.041	0.031	5	5	5	1	0	0	-75.453	4.568	-1.204	0	0	0	0	57808660	57808668	57808668
513	0	0	4	55	-94.8	-18.393	4.742	0	0	0	0	5	55	-90.003	-27.234	4.037	0	0	0	0	6	55	-90.693	-19.77	18.65	0	0	0	0	7	55	-96.483	-27.14	-5.456	0	0	0	0	8	55	-86.342	-31.958	8.412	0	0	0	0	9	55	-135.407	2.389	9.382	0	0	0	0	10	55	-75.481	1.823	-2.423	0	0	0	0	1	0	-68.693	-9.041	0.031	5	5	5	1	2	0	-68.693	-9.041	0.031	5	5	5	1	0	0	-75.453	4.568	-1.204	0	0	0	0	57808675	57808685	57808685
529	0	0	4	55	-95.038	-18.235	4.429	0	0	0	0	5	55	-90.195	-27.338	3.965	0	0	0	0	6	55	-90.595	-19.856	18.692	0	0	0	0	7	55	-96.57	-27.648	-5.669	0	0	0	0	8	55	-86.63	-32.372	9.24	0	0	0	0	9	55	-135.509	2.343	9.493	0	0	0	0	10	55	-75.2	1.579	-2.722	0	0	0	0	1	0	-68.693	-9.041	0.031	5	5	5	1	2	0	-68.693	-9.041	0.031	5	5	5	1	0	0	-75.453	4.568	-1.204	0	0	0	0	57808692	57808702	0
530	0	0	4	55	-95.038	-18.235	4.429	0	0	0	0	5	55	-90.195	-27.338	3.965	0	0	0	0	6	55	-90.595	-19.856	18.692	0	0	0	0	7	55	-96.57	-27.648	-5.669	0	0	0	0	8	55	-86.63	-32.372	9.24	0	0	0	0	9	55	-135.509	2.343	9.493	0	0	0	0	10	55	-75.2	1.579	-2.722	0	0	0	0	1	0	-68.693	-9.041	0.031	5	5	5	1	2	0	-68.693	-9.041	0.031	5	5	5	1	0	0	-75.453	4.568	-1.204	0	0	0	0	57808692	57808702	57808702
547	0	0	4	55	-95.022	-18.541	4.518	0	0	0	0	5	55	-90.201	-27.217	3.795	0	0	0	0	6	55	-90.635	-19.886	18.793	0	0	0	0	7	55	-96.718	-27.697	-5.354	0	0	0	0	8	55	-86.539	-32.044	9.742	0	0	0	0	9	55	-135.676	2.541	9.705	0	0	0	0	10	55	-75.254	1.45	-2.821	0	0	0	0	1	0	-68.693	-9.041	0.031	5	5	5	1	2	0	-68.693	-9.041	0.031	5	5	5	1	0	0	-75.453	4.568	-1.204	0	0	0	0	57808709	57808719	0
547	0	0	4	55	-95.022	-18.541	4.518	0	0	0	0	5	55	-90.201	-27.217	3.795	0	0	0	0	6	55	-90.635	-19.886	18.793	0	0	0	0	7	55	-96.718	-27.696	-5.354	0	0	0	0	8	55	-86.539	-32.044	9.742	0	0	0	0	9	55	-135.676	2.541	9.705	0	0	0	0	10	55	-75.254	1.45	-2.821	0	0	0	0	1	0	-68.693	-9.041	0.031	5	5	5	1	2	0	-68.693	-9.041	0.031	5	5	5	1	0	0	-75.453	4.568	-1.204	0	0	0	0	57808710	57808719	57808719
562	0	0	4	55	-95.249	-18.727	4.869	0	0	0	0	5	55	-90.304	-27.782	3.855	0	0	0	0	6	55	-90.887	-20.082	18.393	0	0	0	0	7	55	-96.133	-27.511	-5.546	0	0	0	0	8	55	-86.443	-32.559	9.189	0	0	0	0	9	55	-135.294	1.727	9.545	0	0	0	0	10	55	-75.054	1.423	-2.877	0	0	0	0	1	0	-68.693	-9.041	0.031	5	5	5	1	2	0	-68.693	-9.041	0.031	5	5	5	1	0	0	-75.453	4.568	-1.204	0	0	0	0	57808726	57808735	57808735
579	0	0	4	55	-95.222	-18.685	4.892	0	0	0	0	5	55	-90.201	-27.444	3.791	0	0	0	0	6	55	-90.812	-20.18	18.941	0	0	0	0	7	55	-95.94	-27.381	-5.75	0	0	0	0	8	55	-86.371	-32.455	8.826	0	0	0	0	9	55	-135.491	1.918	9.787	0	0	0	0	10	55	-75.418	1.262	-2.571	0	0	0	0	1	0	-68.693	-9.041	0.031	5	5	5	1	2	0	-68.693	-9.041	0.031	5	5	5	1	0	0	-75.453	4.568	-1.204	0	0	0	0	57808742	57808751	0
579	0	0	4	55	-95.222	-18.685	4.892	0	0	0	0	5	55	-90.201	-27.444	3.791	0	0	0	0	6	55	-90.812	-20.18	18.941	0	0	0	0	7	55	-95.94	-27.381	-5.75	0	0	0	0	8	55	-86.371	-32.455	8.826	0	0	0	0	9	55	-135.491	1.918	9.787	0	0	0	0	10	55	-75.418	1.262	-2.571	0	0	0	0	1	0	-68.693	-9.041	0.031	5	5	5	1	2	0	-68.693	-9.041	0.031	5	5	5	1	0	0	-75.453	4.568	-1.204	0	0	0	0	57808742	57808751	57808751
596	0	0	4	55	-95.152	-18.449	4.167	0	0	0	0	5	55	-90.208	-27.608	3.911	0	0	0	0	6	55	-90.779	-20.263	18.35	0	0	0	0	7	55	-96.342	-27.805	-5.569	0	0	0	0	8	55	-86.443	-32.584	8.836	0	0	0	0	9	55	-135.735	1.616	9.853	0	0	0	0	10	55	-74.947	1.193	-2.504	0	0	0	0	1	0	-68.693	-9.041	0.031	5	5	5	1	2	0	-68.693	-9.041	0.031	5	5	5	1	0	0	-75.453	4.568	-1.204	0	0	0	0	57808759	57808768	0
596	0	0	4	55	-95.152	-18.449	4.167	0	0	0	0	5	55	-90.208	-27.608	3.911	0	0	0	0	6	55	-90.779	-20.263	18.35	0	0	0	0	7	55	-96.342	-27.805	-5.569	0	0	0	0	8	55	-86.443	-32.584	8.836	0	0	0	0	9	55	-135.735	1.616	9.853	0	0	0	0	10	55	-74.947	1.193	-2.504	0	0	0	0	1	0	-68.693	-9.041	0.031	5	5	5	1	2	0	-68.693	-9.041	0.031	5	5	5	1	0	0	-75.453	4.568	-1.204	0	0	0	0	57808759	57808768	57808768
613	0	0	4	55	-94.935	-18.387	4.028	0	0	0	0	5	55	-90.027	-27.437	3.875	0	0	0	0	6	55	-90.751	-20.198	18.164	0	0	0	0	7	55	-96.248	-27.635	-5.548	0	0	0	0	8	55	-86.372	-32.526	8.905	0	0	0	0	9	55	-135.628	1.808	9.771	0	0	0	0	10	55	-75.736	1.163	-2.277	0	0	0	0	1	0	-68.693	-9.041	0.031	5	5	5	1	2	0	-68.693	-9.041	0.031	5	5	5	1	0	0	-75.453	4.568	-1.204	0	0	0	0	57808776	57808785	57808785
629	0	0	4	55	-95.125	-18.226	4.375	0	0	0	0	5	55	-90.168	-27.344	3.889	0	0	0	0	6	55	-90.754	-19.939	18.614	0	0	0	0	7	55	-96.279	-27.254	-5.46	0	0	0	0	8	55	-86.411	-32.246	9.055	0	0	0	0	9	55	-135.583	2.195	9.836	0	0	0	0	10	55	-74.634	1.519	-3.228	0	0	0	0	1	0	-68.693	-9.041	0.031	5	5	5	1	2	0	-68.693	-9.041	0.031	5	5	5	1	0	0	-75.453	4.568	-1.204	0	0	0	0	57808793	57808801	0
629	0	0	4	55	-95.125	-18.226	4.375	0	0	0	0	5	55	-90.168	-27.344	3.889	0	0	0	0	6	55	-90.754	-19.939	18.614	0	0	0	0	7	55	-96.279	-27.254	-5.46	0	0	0	0	8	55	-86.411	-32.246	9.055	0	0	0	0	9	55	-135.583	2.195	9.836	0	0	0	0	10	55	-74.634	1.519	-3.228	0	0	0	0	1	0	-68.693	-9.041	0.031	5	5	5	1	2	0	-68.693	-9.041	0.031	5	5	5	1	0	0	-75.453	4.568	-1.204	0	0	0	0	57808793	57808802	57808802
646	0	0	4	55	-95.122	-18.011	4.369	0	0	0	0	5	55	-90.154	-27.105	3.875	0	0	0	0	6	55	-90.59	-19.597	18.62	0	0	0	0	7	55	-96.163	-26.989	-5.579	0	0	0	0	8	55	-86.43	-31.944	8.875	0	0	0	0	9	55	-135.399	2.532	9.721	0	0	0	0	10	55	-74.914	1.675	-2.943	0	0	0	0	1	0	-68.693	-9.041	0.031	5	5	5	1	2	0	-68.693	-9.041	0.031	5	5	5	1	0	0	-75.453	4.568	-1.204	0	0	0	0	57808809	57808818	0
646	0	0	4	55	-95.122	-18.011	4.369	0	0	0	0	5	55	-90.154	-27.105	3.875	0	0	0	0	6	55	-90.59	-19.597	18.62	0	0	0	0	7	55	-96.163	-26.989	-5.579	0	0	0	0	8	55	-86.43	-31.944	8.875	0	0	0	0	9	55	-135.399	2.532	9.721	0	0	0	0	10	55	-74.914	1.675	-2.943	0	0	0	0	1	0	-68.693	-9.041	0.031	5	5	5	1	2	0	-68.693	-9.041	0.031	5	5	5	1	0	0	-75.453	4.568	-1.204	0	0	0	0	57808809	57808818	57808818
662	0	0	4	55	-94.77	-17.963	4.402	0	0	0	0	5	55	-90.113	-27.036	3.836	0	0	0	0	6	55	-90.551	-19.48	18.408	0	0	0	0	7	55	-96.121	-26.897	-5.678	0	0	0	0	8	55	-86.398	-31.899	8.659	0	0	0	0	9	55	-135.288	2.593	9.683	0	0	0	0	10	55	-74.87	2.136	-3.02	0	0	0	0	1	0	-68.693	-9.041	0.031	5	5	5	1	2	0	-68.693	-9.041	0.031	5	5	5	1	0	0	-75.453	4.568	-1.204	0	0	0	0	57808825	57808834	57808835
679	0	0	4	55	-94.809	-17.831	4.318	0	0	0	0	5	55	-90.101	-26.774	3.754	0	0	0	0	6	55	-90.501	-19.36	18.178	0	0	0	0	7	55	-96.147	-26.693	-5.781	0	0	0	0	8	55	-86.381	-31.733	8.512	0	0	0	0	9	55	-135.227	2.953	9.648	0	0	0	0	10	55	-74.617	2.036	-2.499	0	0	0	0	1	0	-68.693	-9.041	0.031	5	5	5	1	2	0	-68.693	-9.041	0.031	5	5	5	1	0	0	-75.453	4.568	-1.204	0	0	0	0	57808843	57808852	0
680	0	0	4	55	-94.809	-17.831	4.318	0	0	0	0	5	55	-90.101	-26.774	3.754	0	0	0	0	6	55	-90.501	-19.36	18.178	0	0	0	0	7	55	-96.147	-26.693	-5.781	0	0	0	0	8	55	-86.381	-31.733	8.512	0	0	0	0	9	55	-135.227	2.953	9.648	0	0	0	0	10	55	-74.617	2.036	-2.499	0	0	0	0	1	0	-68.693	-9.041	0.031	5	5	5	1	2	0	-68.693	-9.041	0.031	5	5	5	1	0	0	-75.453	4.568	-1.204	0	0	0	0	57808843	57808852	57808852
696	0	0	4	55	-95.069	-17.423	4.417	0	0	0	0	5	55	-90.144	-26.548	3.975	0	0	0	0	6	55	-90.624	-18.882	18.282	0	0	0	0	7	55	-96.298	-26.389	-5.512	0	0	0	0	8	55	-86.454	-31.517	8.848	0	0	0	0	9	55	-135.05	3.338	9.835	0	0	0	0	10	55	-74.324	2.505	-2.839	0	0	0	0	1	0	-68.693	-9.041	0.031	5	5	5	1	2	0	-68.693	-9.041	0.031	5	5	5	1	0	0	-75.453	4.568	-1.204	0	0	0	0	57808859	57808868	0
696	0	0	4	55	-95.069	-17.423	4.417	0	0	0	0	5	55	-90.144	-26.548	3.975	0	0	0	0	6	55	-90.624	-18.882	18.282	0	0	0	0	7	55	-96.298	-26.389	-5.512	0	0	0	0	8	55	-86.454	-31.517	8.848	0	0	0	0	9	55	-135.05	3.338	9.835	0	0	0	0	10	55	-74.324	2.505	-2.839	0	0	0	0	1	0	-68.693	-9.041	0.031	5	5	5	1	2	0	-68.693	-9.041	0.031	5	5	5	1	0	0	-75.453	4.568	-1.204	0	0	0	0	57808859	57808868	57808868
712	0	0	4	55	-95.132	-17.217	4.666	0	0	0	0	5	55	-90.246	-26.388	4.253	0	0	0	0	6	55	-90.632	-18.857	18.787	0	0	0	0	7	55	-96.387	-26.201	-5.286	0	0	0	0	8	55	-86.574	-31.26	9.144	0	0	0	0	9	55	-135.059	3.603	10.108	0	0	0	0	10	55	-74.523	2.424	-2.151	0	0	0	0	1	0	-68.693	-9.041	0.031	5	5	5	1	2	0	-68.693	-9.041	0.031	5	5	5	1	0	0	-75.453	4.568	-1.204	0	0	0	0	57808875	57808885	57808885
729	0	0	4	55	-95.014	-18.045	4.38	0	0	0	0	5	55	-90.14	-26.933	4.133	0	0	0	0	6	55	-90.454	-19.561	18.677	0	0	0	0	7	55	-96.305	-26.822	-5.439	0	0	0	0	8	55	-86.496	-31.738	9.047	0	0	0	0	9	55	-135.12	2.951	9.806	0	0	0	0	10	55	-74.142	1.88	-2.958	0	0	0	0	1	0	-68.693	-9.041	0.031	5	5	5	1	2	0	-68.693	-9.041	0.031	5	5	5	1	0	0	-75.453	4.568	-1.204	0	0	0	0	57808892	57808901	0
729	0	0	4	55	-95.014	-18.045	4.38	0	0	0	0	5	55	-90.14	-26.933	4.133	0	0	0	0	6	55	-90.454	-19.561	18.677	0	0	0	0	7	55	-96.305	-26.822	-5.439	0	0	0	0	8	55	-86.496	-31.738	9.047	0	0	0	0	9	55	-135.12	2.951	9.806	0	0	0	0	10	55	-74.142	1.88	-2.958	0	0	0	0	1	0	-68.693	-9.041	0.031	5	5	5	1	2	0	-68.693	-9.041	0.031	5	5	5	1	0	0	-75.453	4.568	-1.204	0	0	0	0	57808892	57808901	57808901
746	0	0	4	55	-94.954	-17.888	4.525	0	0	0	0	5	55	-90.149	-27.089	4.174	0	0	0	0	6	55	-90.308	-19.508	18.764	0	0	0	0	7	55	-96.372	-26.894	-5.428	0	0	0	0	8	55	-86.518	-31.88	9.069	0	0	0	0	9	55	-135.173	2.755	9.73	0	0	0	0	10	55	-74.198	1.988	-3.553	0	0	0	0	1	0	-68.693	-9.041	0.031	5	5	5	1	2	0	-68.693	-9.041	0.031	5	5	5	1	0	0	-75.453	4.568	-1.204	0	0	0	0	57808908	57808918	0
746	0	0	4	55	-94.954	-17.888	4.525	0	0	0	0	5	55	-90.149	-27.089	4.174	0	0	0	0	6	55	-90.308	-19.508	18.764	0	0	0	0	7	55	-96.372	-26.894	-5.428	0	0	0	0	8	55	-86.518	-31.88	9.069	0	0	0	0	9	55	-135.173	2.755	9.73	0	0	0	0	10	55	-74.198	1.988	-3.553	0	0	0	0	1	0	-68.693	-9.041	0.031	5	5	5	1	2	0	-68.693	-9.041	0.031	5	5	5	1	0	0	-75.453	4.568	-1.204	0	0	0	0	57808908	57808918	57808918
762	0	0	4	55	-94.94	-18.227	4.312	0	0	0	0	5	55	-90.177	-27.322	4.062	0	0	0	0	6	55	-90.457	-19.888	18.684	0	0	0	0	7	55	-96.398	-27.163	-5.467	0	0	0	0	8	55	-86.521	-32.158	9.142	0	0	0	0	9	55	-135.266	2.453	9.629	0	0	0	0	10	55	-74.521	1.646	-3.243	0	0	0	0	1	0	-68.693	-9.041	0.031	5	5	5	1	2	0	-68.693	-9.041	0.031	5	5	5	1	0	0	-75.453	4.568	-1.204	0	0	0	0	57808926	57808935	57808935
779	0	0	4	55	-94.898	-18.642	4.598	0	0	0	0	5	55	-90.193	-27.616	4.09	0	0	0	0	6	55	-90.486	-20.124	18.681	0	0	0	0	7	55	-96.382	-27.362	-5.37	0	0	0	0	8	55	-86.612	-32.373	9.397	0	0	0	0	9	55	-135.318	2.046	9.58	0	0	0	0	10	55	-74.24	1.552	-3.101	0	0	0	0	1	0	-68.693	-9.041	0.031	5	5	5	1	2	0	-68.693	-9.041	0.031	5	5	5	1	0	0	-75.453	4.568	-1.204	0	0	0	0	57808942	57808951	0
779	0	0	4	55	-94.898	-18.642	4.598	0	0	0	0	5	55	-90.193	-27.616	4.09	0	0	0	0	6	55	-90.486	-20.124	18.681	0	0	0	0	7	55	-96.382	-27.362	-5.37	0	0	0	0	8	55	-86.612	-32.373	9.397	0	0	0	0	9	55	-135.318	2.046	9.58	0	0	0	0	10	55	-74.24	1.552	-3.101	0	0	0	0	1	0	-68.693	-9.041	0.031	5	5	5	1	2	0	-68.693	-9.041	0.031	5	5	5	1	0	0	-75.453	4.568	-1.204	0	0	0	0	57808942	57808951	57808951
796	0	0	4	55	-95.023	-18.413	4.267	0	0	0	0	5	55	-90.235	-27.541	4.029	0	0	0	0	6	55	-90.731	-19.987	18.677	0	0	0	0	7	55	-96.353	-27.293	-5.346	0	0	0	0	8	55	-86.64	-32.185	9.391	0	0	0	0	9	55	-135.303	2.219	9.569	0	0	0	0	10	55	-74.094	1.404	-3.381	0	0	0	0	1	0	-68.693	-9.041	0.031	5	5	5	1	2	0	-68.693	-9.041	0.031	5	5	5	1	0	0	-75.453	4.568	-1.204	0	0	0	0	57808958	57808968	0
796	0	0	4	55	-95.023	-18.413	4.267	0	0	0	0	5	55	-90.235	-27.541	4.029	0	0	0	0	6	55	-90.731	-19.987	18.677	0	0	0	0	7	55	-96.353	-27.293	-5.346	0	0	0	0	8	55	-86.64	-32.185	9.391	0	0	0	0	9	55	-135.303	2.219	9.569	0	0	0	0	10	55	-74.094	1.404	-3.381	0	0	0	0	1	0	-68.693	-9.041	0.031	5	5	5	1	2	0	-68.693	-9.041	0.031	5	5	5	1	0	0	-75.453	4.568	-1.204	0	0	0	0	57808959	57808968	57808968
813	0	0	4	55	-95.107	-18.864	4.264	0	0	0	0	5	55	-90.245	-27.755	3.82	0	0	0	0	6	55	-90.537	-20.477	18.575	0	0	0	0	7	55	-96.292	-27.597	-5.522	0	0	0	0	8	55	-86.622	-32.492	9.248	0	0	0	0	9	55	-135.351	1.898	9.429	0	0	0	0	10	55	-74.434	1.158	-3.178	0	0	0	0	1	0	-68.693	-9.041	0.031	5	5	5	1	2	0	-68.693	-9.041	0.031	5	5	5	1	0	0	-75.453	4.568	-1.204	0	0	0	0	57808975	57808985	57808985
829	0	0	4	55	-95.145	-18.585	4.47	0	0	0	0	5	55	-90.336	-27.486	4.036	0	0	0	0	6	55	-90.412	-20.199	18.631	0	0	0	0	7	55	-96.236	-27.245	-5.422	0	0	0	0	8	55	-86.748	-32.324	9.569	0	0	0	0	9	55	-135.197	2.252	9.667	0	0	0	0	10	55	-73.435	1.26	-5.807	0	0	0	0	1	0	-68.693	-9.041	0.031	5	5	5	1	2	0	-68.693	-9.041	0.031	5	5	5	1	0	0	-75.453	4.568	-1.204	0	0	0	0	57808992	57809001	0
829	0	0	4	55	-95.145	-18.585	4.47	0	0	0	0	5	55	-90.336	-27.486	4.036	0	0	0	0	6	55	-90.412	-20.199	18.631	0	0	0	0	7	55	-96.235	-27.245	-5.422	0	0	0	0	8	55	-86.748	-32.324	9.569	0	0	0	0	9	55	-135.197	2.252	9.667	0	0	0	0	10	55	-73.435	1.26	-5.807	0	0	0	0	1	0	-68.693	-9.041	0.031	5	5	5	1	2	0	-68.693	-9.041	0.031	5	5	5	1	0	0	-75.453	4.568	-1.204	0	0	0	0	57808992	57809002	57809002
846	0	0	4	55	-95.212	-18.339	4.505	0	0	0	0	5	55	-90.454	-27.321	4.015	0	0	0	0	6	55	-90.64	-20.202	18.931	0	0	0	0	7	55	-96.254	-27.11	-5.413	0	0	0	0	8	55	-86.9	-32.237	9.804	0	0	0	0	9	55	-135.12	2.518	9.763	0	0	0	0	10	55	-72.949	0.722	-6.892	0	0	0	0	1	0	-68.693	-9.041	0.031	5	5	5	1	2	0	-68.693	-9.041	0.031	5	5	5	1	0	0	-75.453	4.568	-1.204	0	0	0	0	57809009	57809018	0
846	0	0	4	55	-95.212	-18.339	4.505	0	0	0	0	5	55	-90.454	-27.321	4.015	0	0	0	0	6	55	-90.64	-20.202	18.931	0	0	0	0	7	55	-96.254	-27.11	-5.413	0	0	0	0	8	55	-86.9	-32.237	9.804	0	0	0	0	9	55	-135.12	2.518	9.763	0	0	0	0	10	55	-72.949	0.722	-6.892	0	0	0	0	1	0	-68.693	-9.041	0.031	5	5	5	1	2	0	-68.693	-9.041	0.031	5	5	5	1	0	0	-75.453	4.568	-1.204	0	0	0	0	57809009	57809018	57809018
862	0	0	4	55	-95.308	-17.847	4.773	0	0	0	0	5	55	-90.533	-26.906	4.352	0	0	0	0	6	55	-90.746	-19.685	19.016	0	0	0	0	7	55	-96.454	-26.689	-5.155	0	0	0	0	8	55	-87.145	-31.779	10.207	0	0	0	0	9	55	-135.095	3.139	10.136	0	0	0	0	10	55	-73.406	1.074	-5.198	0	0	0	0	1	0	-68.693	-9.041	0.031	5	5	5	1	2	0	-68.693	-9.041	0.031	5	5	5	1	0	0	-75.453	4.568	-1.204	0	0	0	0	57809026	57809035	57809035
879	0	0	4	55	-95.288	-17.642	4.599	0	0	0	0	5	55	-90.523	-26.803	4.275	0	0	0	0	6	55	-90.587	-19.346	18.695	0	0	0	0	7	55	-96.528	-26.523	-5.38	0	0	0	0	8	55	-87.184	-31.624	10.097	0	0	0	0	9	55	-135.081	3.439	9.981	0	0	0	0	10	55	-72.548	1.373	-6.873	0	0	0	0	1	0	-68.693	-9.041	0.031	5	5	5	1	2	0	-68.693	-9.041	0.031	5	5	5	1	0	0	-75.453	4.568	-1.204	0	0	0	0	57809043	57809051	0
879	0	0	4	55	-95.288	-17.642	4.599	0	0	0	0	5	55	-90.523	-26.803	4.275	0	0	0	0	6	55	-90.587	-19.346	18.695	0	0	0	0	7	55	-96.528	-26.523	-5.38	0	0	0	0	8	55	-87.184	-31.624	10.097	0	0	0	0	9	55	-135.081	3.439	9.981	0	0	0	0	10	55	-72.548	1.373	-6.873	0	0	0	0	1	0	-68.693	-9.041	0.031	5	5	5	1	2	0	-68.693	-9.041	0.031	5	5	5	1	0	0	-75.453	4.568	-1.204	0	0	0	0	57809043	0	57809052
896	0	0	4	55	-95.3	-17.872	4.549	0	0	0	0	5	55	-90.48	-26.975	4.284	0	0	0	0	6	55	-90.915	-19.731	18.292	0	0	0	0	7	55	-96.587	-26.794	-5.536	0	0	0	0	8	55	-86.71	-31.767	10.184	0	0	0	0	9	55	-135.092	3.178	9.877	0	0	0	0	10	55	-73.116	1.361	-6.404	0	0	0	0	1	0	-68.693	-9.041	0.031	5	5	5	1	2	0	-68.693	-9.041	0.031	5	5	5	1	0	0	-75.453	4.568	-1.204	0	0	0	0	57809059	57809068	0
896	0	0	4	55	-95.3	-17.872	4.549	0	0	0	0	5	55	-90.48	-26.975	4.284	0	0	0	0	6	55	-90.915	-19.731	18.292	0	0	0	0	7	55	-96.587	-26.794	-5.536	0	0	0	0	8	55	-86.71	-31.767	10.184	0	0	0	0	9	55	-135.092	3.178	9.877	0	0	0	0	10	55	-73.116	1.361	-6.404	0	0	0	0	1	0	-68.693	-9.041	0.031	5	5	5	1	2	0	-68.693	-9.041	0.031	5	5	5	1	0	0	-75.453	4.568	-1.204	0	0	0	0	57809059	57809068	57809068
912	0	0	4	55	-95.336	-17.8	4.488	0	0	0	0	5	55	-90.51	-26.971	4.267	0	0	0	0	6	55	-90.773	-19.863	18.67	0	0	0	0	7	55	-96.6	-26.782	-5.58	0	0	0	0	8	55	-86.763	-31.972	10.005	0	0	0	0	9	55	-135.076	3.188	9.845	0	0	0	0	10	55	-74.045	1.385	-4.234	0	0	0	0	1	0	-68.693	-9.041	0.031	5	5	5	1	2	0	-68.693	-9.041	0.031	5	5	5	1	0	0	-75.453	4.568	-1.204	0	0	0	0	57809076	57809084	57809085
929	0	0	4	55	-95.293	-17.931	4.214	0	0	0	0	5	55	-90.416	-27.068	3.929	0	0	0	0	6	55	-90.979	-19.864	18.438	0	0	0	0	7	55	-96.569	-27.014	-5.856	0	0	0	0	8	55	-86.907	-32.231	9.873	0	0	0	0	9	55	-135.05	2.994	9.562	0	0	0	0	10	55	-73.021	1.021	-7.08	0	0	0	0	1	0	-68.693	-9.041	0.031	5	5	5	1	2	0	-68.693	-9.041	0.031	5	5	5	1	0	0	-75.453	4.568	-1.204	0	0	0	0	57809092	57809101	0
929	0	0	4	55	-95.293	-17.931	4.214	0	0	0	0	5	55	-90.416	-27.068	3.929	0	0	0	0	6	55	-90.979	-19.864	18.438	0	0	0	0	7	55	-96.569	-27.014	-5.856	0	0	0	0	8	55	-86.907	-32.231	9.873	0	0	0	0	9	55	-135.05	2.994	9.562	0	0	0	0	10	55	-73.021	1.021	-7.08	0	0	0	0	1	0	-68.693	-9.041	0.031	5	5	5	1	2	0	-68.693	-9.041	0.031	5	5	5	1	0	0	-75.453	4.568	-1.204	0	0	0	0	57809092	57809101	57809101
946	0	0	4	55	-95.305	-18.209	4.153	0	0	0	0	5	55	-90.391	-27.3	3.892	0	0	0	0	6	55	-91.015	-20.107	18.397	0	0	0	0	7	55	-96.513	-27.305	-5.942	0	0	0	0	8	55	-86.783	-32.235	9.871	0	0	0	0	9	55	-135.128	2.72	9.504	0	0	0	0	10	55	-72.511	0.807	-8.114	0	0	0	0	1	0	-68.693	-9.041	0.031	5	5	5	1	2	0	-68.693	-9.041	0.031	5	5	5	1	0	0	-75.453	4.568	-1.204	0	0	0	0	57809109	57809118	0
946	0	0	4	55	-95.305	-18.209	4.153	0	0	0	0	5	55	-90.391	-27.3	3.892	0	0	0	0	6	55	-91.015	-20.107	18.397	0	0	0	0	7	55	-96.513	-27.305	-5.942	0	0	0	0	8	55	-86.783	-32.235	9.871	0	0	0	0	9	55	-135.128	2.72	9.504	0	0	0	0	10	55	-72.511	0.807	-8.114	0	0	0	0	1	0	-68.693	-9.041	0.031	5	5	5	1	2	0	-68.693	-9.041	0.031	5	5	5	1	0	0	-75.453	4.568	-1.204	0	0	0	0	57809110	57809118	57809118
963	0	0	4	55	-95.268	-18.135	4.111	0	0	0	0	5	55	-90.413	-27.211	3.853	0	0	0	0	6	55	-90.987	-19.985	18.326	0	0	0	0	7	55	-96.442	-27.316	-6.011	0	0	0	0	8	55	-87.132	-32.033	9.732	0	0	0	0	9	55	-135.159	2.817	9.408	0	0	0	0	10	55	-73.019	1.088	-7.486	0	0	0	0	1	0	-68.693	-9.041	0.031	5	5	5	1	2	0	-68.693	-9.041	0.031	5	5	5	1	0	0	-75.453	4.568	-1.204	0	0	0	0	57809125	57809135	57809135
979	0	0	4	55	-95.296	-18.331	4.172	0	0	0	0	5	55	-90.441	-27.333	3.96	0	0	0	0	6	55	-91.025	-20.129	18.411	0	0	0	0	7	55	-96.391	-27.597	-5.936	0	0	0	0	8	55	-87.103	-32.216	9.739	0	0	0	0	9	55	-135.125	2.616	9.483	0	0	0	0	10	55	-73.467	0.812	-6.957	0	0	0	0	1	0	-68.693	-9.041	0.031	5	5	5	1	2	0	-68.693	-9.041	0.031	5	5	5	1	0	0	-75.453	4.568	-1.204	0	0	0	0	57809143	57809151	0
979	0	0	4	55	-95.296	-18.331	4.172	0	0	0	0	5	55	-90.441	-27.333	3.96	0	0	0	0	6	55	-91.025	-20.129	18.411	0	0	0	0	7	55	-96.391	-27.597	-5.936	0	0	0	0	8	55	-87.103	-32.216	9.739	0	0	0	0	9	55	-135.125	2.616	9.483	0	0	0	0	10	55	-73.467	0.812	-6.957	0	0	0	0	1	0	-68.693	-9.041	0.031	5	5	5	1	2	0	-68.693	-9.041	0.031	5	5	5	1	0	0	-75.453	4.568	-1.204	0	0	0	0	57809143	0	57809152
996	0	0	4	55	-95.352	-18.057	4.284	0	0	0	0	5	55	-90.514	-27.148	4.041	0	0	0	0	6	55	-90.989	-19.904	18.596	0	0	0	0	7	55	-96.341	-27.203	-5.77	0	0	0	0	8	55	-87.131	-32.089	9.716	0	0	0	0	9	55	-135.041	2.836	9.639	0	0	0	0	10	55	-73.808	0.96	-5.885	0	0	0	0	1	0	-68.693	-9.041	0.031	5	5	5	1	2	0	-68.693	-9.041	0.031	5	5	5	1	0	0	-75.453	4.568	-1.204	0	0	0	0	57809159	57809168	0
996	0	0	4	55	-95.352	-18.057	4.284	0	0	0	0	5	55	-90.514	-27.148	4.041	0	0	0	0	6	55	-90.989	-19.904	18.596	0	0	0	0	7	55	-96.341	-27.203	-5.77	0	0	0	0	8	55	-87.131	-32.089	9.716	0	0	0	0	9	55	-135.041	2.836	9.639	0	0	0	0	10	55	-73.808	0.96	-5.885	0	0	0	0	1	0	-68.693	-9.041	0.031	5	5	5	1	2	0	-68.693	-9.041	0.031	5	5	5	1	0	0	-75.453	4.568	-1.204	0	0	0	0	57809159	57809168	57809168
1012	0	0	4	55	-95.324	-17.968	4.452	0	0	0	0	5	55	-90.475	-27.035	4.24	0	0	0	0	6	55	-90.497	-19.759	18.722	0	0	0	0	7	55	-96.344	-27.02	-5.593	0	0	0	0	8	55	-87.123	-31.927	9.872	0	0	0	0	9	55	-135.062	3.007	9.826	0	0	0	0	10	55	-73.644	1.074	-6.177	0	0	0	0	1	0	-68.693	-9.041	0.031	5	5	5	1	2	0	-68.693	-9.041	0.031	5	5	5	1	0	0	-75.453	4.568	-1.204	0	0	0	0	57809175	57809184	57809185
1029	0	0	4	55	-95.377	-18.257	4.621	0	0	0	0	5	55	-90.51	-27.316	4.477	0	0	0	0	6	55	-90.859	-20.212	18.901	0	0	0	0	7	55	-96.425	-27.33	-5.363	0	0	0	0	8	55	-87.155	-32.1	10.073	0	0	0	0	9	55	-135.193	2.647	9.979	0	0	0	0	10	55	-73.593	0.91	-6.679	0	0	0	0	1	0	-68.693	-9.041	0.031	5	5	5	1	2	0	-68.693	-9.041	0.031	5	5	5	1	0	0	-75.453	4.568	-1.204	0	0	0	0	57809192	57809202	0
1030	0	0	4	55	-95.377	-18.257	4.621	0	0	0	0	5	55	-90.51	-27.316	4.477	0	0	0	0	6	55	-90.859	-20.212	18.901	0	0	0	0	7	55	-96.425	-27.331	-5.363	0	0	0	0	8	55	-87.155	-32.1	10.073	0	0	0	0	9	55	-135.193	2.647	9.979	0	0	0	0	10	55	-73.593	0.91	-6.679	0	0	0	0	1	0	-68.693	-9.041	0.031	5	5	5	1	2	0	-68.693	-9.041	0.031	5	5	5	1	0	0	-75.453	4.568	-1.204	0	0	0	0	57809192	57809202	57809202
1046	0	0	4	55	-95.403	-18.468	4.618	0	0	0	0	5	55	-90.52	-27.507	4.41	0	0	0	0	6	55	-90.859	-20.072	18.729	0	0	0	0	7	55	-96.472	-27.512	-5.408	0	0	0	0	8	55	-87.202	-32.288	10.02	0	0	0	0	9	55	-135.259	2.345	9.892	0	0	0	0	10	55	-73.777	0.821	-6.358	0	0	0	0	1	0	-68.693	-9.041	0.031	5	5	5	1	2	0	-68.693	-9.041	0.031	5	5	5	1	0	0	-75.453	4.568	-1.204	0	0	0	0	57809209	57809218	0
1046	0	0	4	55	-95.403	-18.469	4.618	0	0	0	0	5	55	-90.52	-27.507	4.41	0	0	0	0	6	55	-90.859	-20.072	18.729	0	0	0	0	7	55	-96.472	-27.512	-5.408	0	0	0	0	8	55	-87.202	-32.288	10.02	0	0	0	0	9	55	-135.259	2.344	9.892	0	0	0	0	10	55	-73.777	0.821	-6.358	0	0	0	0	1	0	-68.693	-9.041	0.031	5	5	5	1	2	0	-68.693	-9.041	0.031	5	5	5	1	0	0	-75.453	4.568	-1.204	0	0	0	0	57809209	57809218	57809218
1062	0	0	4	55	-95.45	-18.755	4.646	0	0	0	0	5	55	-90.512	-27.821	4.463	0	0	0	0	6	55	-91.033	-20.433	18.529	0	0	0	0	7	55	-96.508	-27.719	-5.369	0	0	0	0	8	55	-87.225	-32.571	9.987	0	0	0	0	9	55	-135.299	1.972	9.898	0	0	0	0	10	55	-73.899	0.662	-6.267	0	0	0	0	1	0	-68.693	-9.041	0.031	5	5	5	1	2	0	-68.693	-9.041	0.031	5	5	5	1	0	0	-75.453	4.568	-1.204	0	0	0	0	57809226	57809235	57809235
1079	0	0	4	55	-95.493	-18.857	4.773	0	0	0	0	5	55	-90.543	-27.942	4.588	0	0	0	0	6	55	-91.029	-20.479	18.72	0	0	0	0	7	55	-96.607	-27.78	-5.288	0	0	0	0	8	55	-87.222	-32.642	10.091	0	0	0	0	9	55	-135.414	1.838	10.053	0	0	0	0	10	55	-73.874	0.717	-6.545	0	0	0	0	1	0	-68.693	-9.041	0.031	5	5	5	1	2	0	-68.693	-9.041	0.031	5	5	5	1	0	0	-75.453	4.568	-1.204	0	0	0	0	57809242	57809251	0
1079	0	0	4	55	-95.493	-18.857	4.773	0	0	0	0	5	55	-90.543	-27.942	4.588	0	0	0	0	6	55	-91.029	-20.479	18.72	0	0	0	0	7	55	-96.607	-27.78	-5.288	0	0	0	0	8	55	-87.222	-32.642	10.091	0	0	0	0	9	55	-135.414	1.838	10.053	0	0	0	0	10	55	-73.874	0.717	-6.545	0	0	0	0	1	0	-68.693	-9.041	0.031	5	5	5	1	2	0	-68.693	-9.041	0.031	5	5	5	1	0	0	-75.453	4.568	-1.204	0	0	0	0	57809242	57809251	57809251
1096	0	0	4	55	-95.527	-19.499	4.219	0	0	0	0	5	55	-90.56	-28.297	4.501	0	0	0	0	6	55	-91.235	-20.812	18.403	0	0	0	0	7	55	-96.708	-28.188	-5.343	0	0	0	0	8	55	-87.254	-32.962	10.107	0	0	0	0	9	55	-135.487	1.436	9.943	0	0	0	0	10	55	-73.862	0.532	-7.106	0	0	0	0	1	0	-68.693	-9.041	0.031	5	5	5	1	2	0	-68.693	-9.041	0.031	5	5	5	1	0	0	-75.453	4.568	-1.204	0	0	0	0	57809259	57809268	0
1096	0	0	4	55	-95.527	-19.499	4.219	0	0	0	0	5	55	-90.56	-28.297	4.501	0	0	0	0	6	55	-91.235	-20.812	18.403	0	0	0	0	7	55	-96.708	-28.188	-5.343	0	0	0	0	8	55	-87.254	-32.962	10.107	0	0	0	0	9	55	-135.487	1.436	9.943	0	0	0	0	10	55	-73.862	0.532	-7.106	0	0	0	0	1	0	-68.693	-9.041	0.031	5	5	5	1	2	0	-68.693	-9.041	0.031	5	5	5	1	0	0	-75.453	4.568	-1.204	0	0	0	0	57809259	57809268	57809268
1113	0	0	4	55	-95.436	-19.227	4.181	0	0	0	0	5	55	-90.541	-28.441	4.396	0	0	0	0	6	55	-91.271	-20.946	18.25	0	0	0	0	7	55	-96.723	-28.352	-5.435	0	0	0	0	8	55	-87.233	-33.13	10.045	0	0	0	0	9	55	-135.45	1.218	9.867	0	0	0	0	10	55	-75.164	0.391	-4.825	0	0	0	0	1	0	-68.693	-9.041	0.031	5	5	5	1	2	0	-68.693	-9.041	0.031	5	5	5	1	0	0	-75.453	4.568	-1.204	0	0	0	0	57809276	57809285	57809285
1129	0	0	4	55	-95.672	-18.525	4.501	0	0	0	0	5	55	-90.623	-27.933	4.596	0	0	0	0	6	55	-91.221	-20.308	18.669	0	0	0	0	7	55	-96.88	-27.779	-5.284	0	0	0	0	8	55	-87.364	-32.608	10.265	0	0	0	0	9	55	-135.397	1.985	10.19	0	0	0	0	10	55	-74.198	0.507	-6.385	0	0	0	0	1	0	-68.693	-9.041	0.031	5	5	5	1	2	0	-68.693	-9.041	0.031	5	5	5	1	0	0	-75.453	4.568	-1.204	0	0	0	0	57809293	57809301	0
1129	0	0	4	55	-95.672	-18.525	4.501	0	0	0	0	5	55	-90.623	-27.933	4.596	0	0	0	0	6	55	-91.221	-20.308	18.669	0	0	0	0	7	55	-96.88	-27.779	-5.284	0	0	0	0	8	55	-87.364	-32.608	10.265	0	0	0	0	9	55	-135.397	1.985	10.19	0	0	0	0	10	55	-74.198	0.507	-6.385	0	0	0	0	1	0	-68.693	-9.041	0.031	5	5	5	1	2	0	-68.693	-9.041	0.031	5	5	5	1	0	0	-75.453	4.568	-1.204	0	0	0	0	57809293	57809301	57809301
1146	0	0	4	55	-95.174	-19.312	4.507	0	0	0	0	5	55	-90.638	-28.192	4.261	0	0	0	0	6	55	-91.179	-20.941	18.341	0	0	0	0	7	55	-96.838	-28.039	-5.542	0	0	0	0	8	55	-87.351	-32.808	10.09	0	0	0	0	9	55	-135.432	1.699	9.979	0	0	0	0	10	55	-74.549	0.644	-6.127	0	0	0	0	1	0	-68.693	-9.041	0.031	5	5	5	1	2	0	-68.693	-9.041	0.031	5	5	5	1	0	0	-75.453	4.568	-1.204	0	0	0	0	57809308	57809318	0
1146	0	0	4	55	-95.174	-19.312	4.507	0	0	0	0	5	55	-90.638	-28.192	4.261	0	0	0	0	6	55	-91.179	-20.941	18.341	0	0	0	0	7	55	-96.838	-28.039	-5.542	0	0	0	0	8	55	-87.351	-32.808	10.09	0	0	0	0	9	55	-135.432	1.699	9.979	0	0	0	0	10	55	-74.549	0.644	-6.127	0	0	0	0	1	0	-68.693	-9.041	0.031	5	5	5	1	2	0	-68.693	-9.041	0.031	5	5	5	1	0	0	-75.453	4.568	-1.204	0	0	0	0	57809308	57809318	57809318
1162	0	0	4	55	-95.425	-18.966	4.616	0	0	0	0	5	55	-90.64	-28.032	4.247	0	0	0	0	6	55	-91.152	-20.618	18.374	0	0	0	0	7	55	-96.816	-27.831	-5.454	0	0	0	0	8	55	-87.342	-32.653	10.192	0	0	0	0	9	55	-135.38	1.887	10.066	0	0	0	0	10	55	-73.96	0.772	-7.654	0	0	0	0	1	0	-68.693	-9.041	0.031	5	5	5	1	2	0	-68.693	-9.041	0.031	5	5	5	1	0	0	-75.453	4.568	-1.204	0	0	0	0	57809325	57809335	57809335
1179	0	0	4	55	-95.407	-18.846	4.583	0	0	0	0	5	55	-90.671	-27.907	4.055	0	0	0	0	6	55	-91.175	-20.527	18.325	0	0	0	0	7	55	-96.782	-27.638	-5.43	0	0	0	0	8	55	-87.451	-32.586	10.169	0	0	0	0	9	55	-135.181	2.351	9.719	0	0	0	0	10	55	-74.897	1.109	-4.807	0	0	0	0	1	0	-68.693	-9.041	0.031	5	5	5	1	2	0	-68.693	-9.041	0.031	5	5	5	1	0	0	-75.453	4.568	-1.204	0	0	0	0	57809342	57809351	0
1179	0	0	4	55	-95.407	-18.846	4.583	0	0	0	0	5	55	-90.671	-27.907	4.055	0	0	0	0	6	55	-91.175	-20.527	18.325	0	0	0	0	7	55	-96.782	-27.638	-5.43	0	0	0	0	8	55	-87.451	-32.586	10.169	0	0	0	0	9	55	-135.181	2.351	9.719	0	0	0	0	10	55	-74.897	1.109	-4.807	0	0	0	0	1	0	-68.693	-9.041	0.031	5	5	5	1	2	0	-68.693	-9.041	0.031	5	5	5	1	0	0	-75.453	4.568	-1.204	0	0	0	0	57809343	57809352	57809352
1195	0	0	4	55	-95.439	-19.003	4.478	0	0	0	0	5	55	-90.446	-28.24	3.736	0	0	0	0	6	55	-91.068	-20.612	18.064	0	0	0	0	7	55	-96.713	-27.943	-5.645	0	0	0	0	8	55	-87.477	-32.827	10.086	0	0	0	0	9	55	-135.768	2.015	9.564	0	0	0	0	10	55	-74.306	1.054	-5.768	0	0	0	0	1	0	-68.693	-9.041	0.031	5	5	5	1	2	0	-68.693	-9.041	0.031	5	5	5	1	0	0	-75.453	4.568	-1.204	0	0	0	0	57809359	57809368	0
1196	0	0	4	55	-95.439	-19.003	4.478	0	0	0	0	5	55	-90.446	-28.24	3.736	0	0	0	0	6	55	-91.068	-20.612	18.064	0	0	0	0	7	55	-96.713	-27.943	-5.645	0	0	0	0	8	55	-87.477	-32.827	10.086	0	0	0	0	9	55	-135.768	2.015	9.564	0	0	0	0	10	55	-74.306	1.054	-5.768	0	0	0	0	1	0	-68.693	-9.041	0.031	5	5	5	1	2	0	-68.693	-9.041	0.031	5	5	5	1	0	0	-75.453	4.568	-1.204	0	0	0	0	57809359	57809368	57809368
1212	0	0	4	55	-95.418	-19.361	4.373	0	0	0	0	5	55	-90.464	-28.749	3.889	0	0	0	0	6	55	-90.993	-21.069	17.995	0	0	0	0	7	55	-96.72	-28.216	-5.803	0	0	0	0	8	55	-87.47	-33.145	9.962	0	0	0	0	9	55	-135.446	1.584	9.355	0	0	0	0	10	55	-74.59	0.86	-5.653	0	0	0	0	1	0	-68.693	-9.041	0.031	5	5	5	1	2	0	-68.693	-9.041	0.031	5	5	5	1	0	0	-75.453	4.568	-1.204	0	0	0	0	57809375	57809385	57809385
1229	0	0	4	55	-95.34	-19.611	4.28	0	0	0	0	5	55	-90.364	-28.359	3.531	0	0	0	0	6	55	-90.963	-21.285	17.854	0	0	0	0	7	55	-96.542	-28.383	-5.857	0	0	0	0	8	55	-87.405	-33.332	9.966	0	0	0	0	9	55	-135.118	1.233	8.955	0	0	0	0	10	55	-74.395	0.633	-5.573	0	0	0	0	1	0	-68.693	-9.041	0.031	5	5	5	1	2	0	-68.693	-9.041	0.031	5	5	5	1	0	0	-75.453	4.568	-1.204	0	0	0	0	57809392	57809401	0
1229	0	0	4	55	-95.34	-19.611	4.28	0	0	0	0	5	55	-90.364	-28.359	3.531	0	0	0	0	6	55	-90.963	-21.285	17.854	0	0	0	0	7	55	-96.542	-28.383	-5.857	0	0	0	0	8	55	-87.405	-33.332	9.966	0	0	0	0	9	55	-135.118	1.233	8.955	0	0	0	0	10	55	-74.395	0.633	-5.573	0	0	0	0	1	0	-68.693	-9.041	0.031	5	5	5	1	2	0	-68.693	-9.041	0.031	5	5	5	1	0	0	-75.453	4.568	-1.204	0	0	0	0	57809392	57809401	57809401
1246	0	0	4	55	-95.444	-18.87	3.89	0	0	0	0	5	55	-90.5	-27.99	3.987	0	0	0	0	6	55	-90.923	-20.777	17.928	0	0	0	0	7	55	-96.638	-27.979	-5.558	0	0	0	0	8	55	-86.471	-33.116	7.228	0	0	0	0	9	55	-135.197	1.78	9.529	0	0	0	0	10	55	-75.193	0.949	-3.706	0	0	0	0	1	0	-68.693	-9.041	0.031	5	5	5	1	2	0	-68.693	-9.041	0.031	5	5	5	1	0	0	-75.453	4.568	-1.204	0	0	0	0	57809409	57809418	0
1246	0	0	4	55	-95.444	-18.87	3.89	0	0	0	0	5	55	-90.5	-27.99	3.987	0	0	0	0	6	55	-90.923	-20.777	17.928	0	0	0	0	7	55	-96.638	-27.979	-5.558	0	0	0	0	8	55	-86.471	-33.116	7.228	0	0	0	0	9	55	-135.197	1.78	9.529	0	0	0	0	10	55	-75.193	0.949	-3.706	0	0	0	0	1	0	-68.693	-9.041	0.031	5	5	5	1	2	0	-68.693	-9.041	0.031	5	5	5	1	0	0	-75.453	4.568	-1.204	0	0	0	0	57809409	57809418	57809418
1263	0	0	4	55	-95.027	-19.209	3.744	0	0	0	0	5	55	-90.394	-28.549	3.292	0	0	0	0	6	55	-90.932	-21.116	17.634	0	0	0	0	7	55	-96.561	-28.311	-5.782	0	0	0	0	8	55	-87.252	-33.316	10.273	0	0	0	0	9	55	-134.805	1.346	9.095	0	0	0	0	10	55	-75.135	0.753	-3.896	0	0	0	0	1	0	-68.693	-9.041	0.031	5	5	5	1	2	0	-68.693	-9.041	0.031	5	5	5	1	0	0	-75.453	4.568	-1.204	0	0	0	0	57809426	57809435	57809435
1279	0	0	4	55	-95.153	-19.283	3.98	0	0	0	0	5	55	-90.518	-28.628	3.557	0	0	0	0	6	55	-90.86	-20.939	17.896	0	0	0	0	7	55	-96.545	-28.347	-5.686	0	0	0	0	8	55	-87.052	-33.179	9.189	0	0	0	0	9	55	-134.954	1.45	9.258	0	0	0	0	10	55	-75.848	0.682	-3.689	0	0	0	0	1	0	-68.693	-9.041	0.031	5	5	5	1	2	0	-68.693	-9.041	0.031	5	5	5	1	0	0	-75.453	4.568	-1.204	0	0	0	0	57809443	57809451	0
1279	0	0	4	55	-95.153	-19.283	3.98	0	0	0	0	5	55	-90.518	-28.628	3.557	0	0	0	0	6	55	-90.86	-20.939	17.896	0	0	0	0	7	55	-96.545	-28.347	-5.686	0	0	0	0	8	55	-87.052	-33.179	9.189	0	0	0	0	9	55	-134.954	1.45	9.258	0	0	0	0	10	55	-75.848	0.682	-3.689	0	0	0	0	1	0	-68.693	-9.041	0.031	5	5	5	1	2	0	-68.693	-9.041	0.031	5	5	5	1	0	0	-75.453	4.568	-1.204	0	0	0	0	57809443	57809452	57809452
1296	0	0	4	55	-95.332	-19.333	4.483	0	0	0	0	5	55	-90.732	-28.358	3.074	0	0	0	0	6	55	-90.726	-21.044	18.232	0	0	0	0	7	55	-96.493	-28.172	-5.576	0	0	0	0	8	55	-87.363	-33.039	10.924	0	0	0	0	9	55	-134.962	1.894	9.311	0	0	0	0	10	55	-75.275	0.802	-4.192	0	0	0	0	1	0	-68.693	-9.041	0.031	5	5	5	1	2	0	-68.693	-9.041	0.031	5	5	5	1	0	0	-75.453	4.568	-1.204	0	0	0	0	57809459	57809468	0
1296	0	0	4	55	-95.332	-19.333	4.483	0	0	0	0	5	55	-90.732	-28.358	3.074	0	0	0	0	6	55	-90.726	-21.044	18.232	0	0	0	0	7	55	-96.493	-28.172	-5.576	0	0	0	0	8	55	-87.363	-33.039	10.924	0	0	0	0	9	55	-134.962	1.894	9.311	0	0	0	0	10	55	-75.275	0.802	-4.192	0	0	0	0	1	0	-68.693	-9.041	0.031	5	5	5	1	2	0	-68.693	-9.041	0.031	5	5	5	1	0	0	-75.453	4.568	-1.204	0	0	0	0	57809459	57809468	57809468
1312	0	0	4	55	-95.308	-19.209	4.566	0	0	0	0	5	55	-90.622	-28.163	3.428	0	0	0	0	6	55	-90.769	-20.874	18.244	0	0	0	0	7	55	-96.449	-28.076	-5.444	0	0	0	0	8	55	-87.538	-32.843	11.395	0	0	0	0	9	55	-135.063	1.608	9.938	0	0	0	0	10	55	-75.128	1.161	-4.155	0	0	0	0	1	0	-68.693	-9.041	0.031	5	5	5	1	2	0	-68.693	-9.041	0.031	5	5	5	1	0	0	-75.453	4.568	-1.204	0	0	0	0	57809476	57809485	57809485
1329	0	0	4	55	-95.245	-18.941	4.687	0	0	0	0	5	55	-90.576	-28.1	4.06	0	0	0	0	6	55	-90.86	-20.756	18.47	0	0	0	0	7	55	-96.439	-27.777	-5.336	0	0	0	0	8	55	-87.047	-32.825	9.631	0	0	0	0	9	55	-135.018	1.927	10.223	0	0	0	0	10	55	-75.596	1.088	-3.432	0	0	0	0	1	0	-68.693	-9.041	0.031	5	5	5	1	2	0	-68.693	-9.041	0.031	5	5	5	1	0	0	-75.453	4.568	-1.204	0	0	0	0	57809493	57809502	0
1330	0	0	4	55	-95.245	-18.941	4.687	0	0	0	0	5	55	-90.576	-28.1	4.06	0	0	0	0	6	55	-90.86	-20.756	18.47	0	0	0	0	7	55	-96.439	-27.777	-5.336	0	0	0	0	8	55	-87.047	-32.825	9.631	0	0	0	0	9	55	-135.018	1.927	10.223	0	0	0	0	10	55	-75.596	1.088	-3.432	0	0	0	0	1	0	-68.693	-9.041	0.031	5	5	5	1	2	0	-68.693	-9.041	0.031	5	5	5	1	0	0	-75.453	4.568	-1.204	0	0	0	0	57809493	57809502	57809502
1346	0	0	4	55	-95.116	-18.971	4.479	0	0	0	0	5	55	-90.452	-28.156	3.809	0	0	0	0	6	55	-90.682	-20.758	18.401	0	0	0	0	7	55	-95.98	-27.564	-5.755	0	0	0	0	8	55	-87.332	-32.784	10.404	0	0	0	0	9	55	-134.889	1.986	9.981	0	0	0	0	10	55	-76.106	1.054	-2.973	0	0	0	0	1	0	-68.693	-9.041	0.031	5	5	5	1	2	0	-68.693	-9.041	0.031	5	5	5	1	0	0	-75.453	4.568	-1.204	0	0	0	0	57809509	57809518	0
1346	0	0	4	55	-95.116	-18.971	4.479	0	0	0	0	5	55	-90.452	-28.156	3.809	0	0	0	0	6	55	-90.682	-20.758	18.401	0	0	0	0	7	55	-95.98	-27.564	-5.755	0	0	0	0	8	55	-87.332	-32.784	10.404	0	0	0	0	9	55	-134.889	1.986	9.981	0	0	0	0	10	55	-76.106	1.054	-2.973	0	0	0	0	1	0	-68.693	-9.041	0.031	5	5	5	1	2	0	-68.693	-9.041	0.031	5	5	5	1	0	0	-75.453	4.568	-1.204	0	0	0	0	57809510	57809518	57809518
1362	0	0	4	55	-95.035	-18.945	4.505	0	0	0	0	5	55	-90.379	-28.141	3.813	0	0	0	0	6	55	-90.76	-20.659	18.535	0	0	0	0	7	55	-96.274	-27.908	-5.613	0	0	0	0	8	55	-87.163	-32.778	10.749	0	0	0	0	9	55	-134.871	2.026	9.975	0	0	0	0	10	55	-75.408	1.204	-4.39	0	0	0	0	1	0	-68.693	-9.041	0.031	5	5	5	1	2	0	-68.693	-9.041	0.031	5	5	5	1	0	0	-75.453	4.568	-1.204	0	0	0	0	57809525	57809534	57809534
1379	0	0	4	55	-95.031	-18.941	4.574	0	0	0	0	5	55	-90.321	-28.108	3.865	0	0	0	0	6	55	-90.641	-20.47	18.328	0	0	0	0	7	55	-96.324	-27.601	-5.6	0	0	0	0	8	55	-86.867	-33.087	9.612	0	0	0	0	9	55	-134.902	2.079	10.07	0	0	0	0	10	55	-75.523	1.317	-3.599	0	0	0	0	1	0	-68.693	-9.041	0.031	5	5	5	1	2	0	-68.693	-9.041	0.031	5	5	5	1	0	0	-75.453	4.568	-1.204	0	0	0	0	57809542	57809551	0
1379	0	0	4	55	-95.031	-18.941	4.574	0	0	0	0	5	55	-90.321	-28.107	3.865	0	0	0	0	6	55	-90.641	-20.47	18.328	0	0	0	0	7	55	-96.324	-27.601	-5.6	0	0	0	0	8	55	-86.867	-33.087	9.612	0	0	0	0	9	55	-134.902	2.079	10.07	0	0	0	0	10	55	-75.523	1.317	-3.599	0	0	0	0	1	0	-68.693	-9.041	0.031	5	5	5	1	2	0	-68.693	-9.041	0.031	5	5	5	1	0	0	-75.453	4.568	-1.204	0	0	0	0	57809542	57809551	57809551
1396	0	0	4	55	-94.958	-18.917	4.495	0	0	0	0	5	55	-90.178	-28.061	3.967	0	0	0	0	6	55	-90.601	-20.364	18.113	0	0	0	0	7	55	-96.667	-27.622	-5.79	0	0	0	0	8	55	-87.439	-32.609	11.355	0	0	0	0	9	55	-134.815	2.217	10.157	0	0	0	0	10	55	-76.062	1.477	-3.137	0	0	0	0	1	0	-68.693	-9.041	0.031	5	5	5	1	2	0	-68.693	-9.041	0.031	5	5	5	1	0	0	-75.453	4.568	-1.204	0	0	0	0	57809559	57809568	0
1396	0	0	4	55	-94.958	-18.917	4.495	0	0	0	0	5	55	-90.178	-28.061	3.967	0	0	0	0	6	55	-90.601	-20.364	18.113	0	0	0	0	7	55	-96.667	-27.622	-5.79	0	0	0	0	8	55	-87.439	-32.609	11.355	0	0	0	0	9	55	-134.815	2.217	10.157	0	0	0	0	10	55	-76.062	1.477	-3.137	0	0	0	0	1	0	-68.693	-9.041	0.031	5	5	5	1	2	0	-68.693	-9.041	0.031	5	5	5	1	0	0	-75.453	4.568	-1.204	0	0	0	0	57809559	57809568	57809568
1413	0	0	4	55	-94.974	-18.803	4.572	0	0	0	0	5	55	-90.161	-28.012	4.088	0	0	0	0	6	55	-90.707	-20.453	18.165	0	0	0	0	7	55	-96.685	-27.836	-5.833	0	0	0	0	8	55	-87.013	-32.444	9.878	0	0	0	0	9	55	-135.667	3.08	10.036	0	0	0	0	10	55	-75.607	0.993	-2.485	0	0	0	0	1	0	-68.693	-9.041	0.031	5	5	5	1	2	0	-68.693	-9.041	0.031	5	5	5	1	0	0	-75.453	4.568	-1.204	0	0	0	0	57809576	57809585	57809585
1429	0	0	4	55	-94.896	-18.924	4.507	0	0	0	0	5	55	-90.39	-27.722	3.662	0	0	0	0	6	55	-90.432	-20.704	18.374	0	0	0	0	7	55	-96.163	-27.638	-5.596	0	0	0	0	8	55	-86.587	-32.707	8.86	0	0	0	0	9	55	-134.975	2.783	9.806	0	0	0	0	10	55	-76.088	1.128	-3.116	0	0	0	0	1	0	-68.693	-9.041	0.031	5	5	5	1	2	0	-68.693	-9.041	0.031	5	5	5	1	0	0	-75.453	4.568	-1.204	0	0	0	0	57809592	57809601	0
1429	0	0	4	55	-94.896	-18.924	4.507	0	0	0	0	5	55	-90.39	-27.722	3.662	0	0	0	0	6	55	-90.432	-20.704	18.374	0	0	0	0	7	55	-96.163	-27.638	-5.596	0	0	0	0	8	55	-86.587	-32.707	8.86	0	0	0	0	9	55	-134.975	2.783	9.806	0	0	0	0	10	55	-76.088	1.128	-3.116	0	0	0	0	1	0	-68.693	-9.041	0.031	5	5	5	1	2	0	-68.693	-9.041	0.031	5	5	5	1	0	0	-75.453	4.568	-1.204	0	0	0	0	57809592	57809601	57809601
1446	0	0	4	55	-94.897	-19.044	4.595	0	0	0	0	5	55	-90.372	-27.87	3.779	0	0	0	0	6	55	-90.604	-20.416	18.173	0	0	0	0	7	55	-96.489	-27.661	-5.668	0	0	0	0	8	55	-86.925	-32.675	10.171	0	0	0	0	9	55	-134.99	2.183	10.288	0	0	0	0	10	55	-74.966	0.944	-4.251	0	0	0	0	1	0	-68.693	-9.041	0.031	5	5	5	1	2	0	-68.693	-9.041	0.031	5	5	5	1	0	0	-75.453	4.568	-1.204	0	0	0	0	57809609	57809618	0
1446	0	0	4	55	-94.897	-19.044	4.595	0	0	0	0	5	55	-90.372	-27.87	3.779	0	0	0	0	6	55	-90.604	-20.416	18.173	0	0	0	0	7	55	-96.489	-27.661	-5.668	0	0	0	0	8	55	-86.925	-32.675	10.171	0	0	0	0	9	55	-134.99	2.183	10.288	0	0	0	0	10	55	-74.966	0.944	-4.251	0	0	0	0	1	0	-68.693	-9.041	0.031	5	5	5	1	2	0	-68.693	-9.041	0.031	5	5	5	1	0	0	-75.453	4.568	-1.204	0	0	0	0	57809609	57809618	57809618
1463	0	0	4	55	-94.918	-18.931	4.666	0	0	0	0	5	55	-90.194	-27.986	3.972	0	0	0	0	6	55	-90.604	-20.286	18.232	0	0	0	0	7	55	-96.129	-27.411	-5.47	0	0	0	0	8	55	-87.192	-32.473	11.079	0	0	0	0	9	55	-135.051	2.393	10.453	0	0	0	0	10	55	-75.164	1.193	-4.421	0	0	0	0	1	0	-68.693	-9.041	0.031	5	5	5	1	2	0	-68.693	-9.041	0.031	5	5	5	1	0	0	-75.453	4.568	-1.204	0	0	0	0	57809626	57809635	57809635
1479	0	0	4	55	-94.723	-18.733	4.372	0	0	0	0	5	55	-89.998	-27.759	3.715	0	0	0	0	6	55	-90.37	-20.162	18.279	0	0	0	0	7	55	-96.238	-27.758	-5.911	0	0	0	0	8	55	-86.577	-32.704	10.054	0	0	0	0	9	55	-134.824	2.619	10.232	0	0	0	0	10	55	-74.806	1.253	-4.989	0	0	0	0	1	0	-68.693	-9.041	0.031	5	5	5	1	2	0	-68.693	-9.041	0.031	5	5	5	1	0	0	-75.453	4.568	-1.204	0	0	0	0	57809642	57809652	0
1480	0	0	4	55	-94.723	-18.733	4.372	0	0	0	0	5	55	-89.998	-27.759	3.715	0	0	0	0	6	55	-90.37	-20.162	18.279	0	0	0	0	7	55	-96.238	-27.758	-5.911	0	0	0	0	8	55	-86.577	-32.704	10.054	0	0	0	0	9	55	-134.824	2.619	10.232	0	0	0	0	10	55	-74.806	1.253	-4.989	0	0	0	0	1	0	-68.693	-9.041	0.031	5	5	5	1	2	0	-68.693	-9.041	0.031	5	5	5	1	0	0	-75.453	4.568	-1.204	0	0	0	0	57809643	57809652	57809652
1495	0	0	4	55	-94.616	-18.57	4.496	0	0	0	0	5	55	-89.982	-27.575	3.817	0	0	0	0	6	55	-90.333	-20.059	18.097	0	0	0	0	7	55	-96.309	-27.626	-5.495	0	0	0	0	8	55	-86.544	-32.575	10.145	0	0	0	0	9	55	-134.792	2.824	10.293	0	0	0	0	10	55	-74.662	1.821	-3.654	0	0	0	0	1	0	-68.693	-9.041	0.031	5	5	5	1	2	0	-68.693	-9.041	0.031	5	5	5	1	0	0	-75.453	4.568	-1.204	0	0	0	0	57809659	57809668	0
1496	0	0	4	55	-94.616	-18.57	4.496	0	0	0	0	5	55	-89.982	-27.575	3.817	0	0	0	0	6	55	-90.333	-20.059	18.097	0	0	0	0	7	55	-96.309	-27.626	-5.495	0	0	0	0	8	55	-86.544	-32.575	10.145	0	0	0	0	9	55	-134.792	2.824	10.293	0	0	0	0	10	55	-74.662	1.821	-3.654	0	0	0	0	1	0	-68.693	-9.041	0.031	5	5	5	1	2	0	-68.693	-9.041	0.031	5	5	5	1	0	0	-75.453	4.568	-1.204	0	0	0	0	57809659	57809668	57809668
1512	0	0	4	55	-94.562	-18.537	4.533	0	0	0	0	5	55	-89.948	-27.55	3.859	0	0	0	0	6	55	-90.036	-20.028	18.524	0	0	0	0	7	55	-95.933	-27.123	-5.494	0	0	0	0	8	55	-86.524	-32.552	10.273	0	0	0	0	9	55	-134.63	2.754	10.291	0	0	0	0	10	55	-74.733	1.693	-3.767	0	0	0	0	1	0	-68.693	-9.041	0.031	5	5	5	1	2	0	-68.693	-9.041	0.031	5	5	5	1	0	0	-75.453	4.568	-1.204	0	0	0	0	57809676	57809685	57809685
1529	0	0	4	55	-94.581	-18.463	4.676	0	0	0	0	5	55	-90.022	-27.43	3.976	0	0	0	0	6	55	-90.172	-20.075	18.49	0	0	0	0	7	55	-96.005	-27.25	-5.435	0	0	0	0	8	55	-86.596	-32.386	10.412	0	0	0	0	9	55	-134.611	2.895	10.449	0	0	0	0	10	55	-75.053	1.947	-3.618	0	0	0	0	1	0	-68.693	-9.041	0.031	5	5	5	1	2	0	-68.693	-9.041	0.031	5	5	5	1	0	0	-75.453	4.568	-1.204	0	0	0	0	57809693	57809701	0
1529	0	0	4	55	-94.581	-18.463	4.676	0	0	0	0	5	55	-90.022	-27.43	3.976	0	0	0	0	6	55	-90.172	-20.075	18.49	0	0	0	0	7	55	-96.005	-27.25	-5.435	0	0	0	0	8	55	-86.596	-32.387	10.412	0	0	0	0	9	55	-134.611	2.895	10.449	0	0	0	0	10	55	-75.053	1.947	-3.618	0	0	0	0	1	0	-68.693	-9.041	0.031	5	5	5	1	2	0	-68.693	-9.041	0.031	5	5	5	1	0	0	-75.453	4.568	-1.204	0	0	0	0	57809693	57809702	57809702
1546	0	0	4	55	-94.511	-18.593	4.635	0	0	0	0	5	55	-89.96	-27.499	3.939	0	0	0	0	6	55	-90.125	-20.117	18.386	0	0	0	0	7	55	-96.014	-27.334	-5.461	0	0	0	0	8	55	-86.518	-32.503	10.455	0	0	0	0	9	55	-134.597	2.764	10.291	0	0	0	0	10	55	-74.521	1.635	-4.799	0	0	0	0	1	0	-68.693	-9.041	0.031	5	5	5	1	2	0	-68.693	-9.041	0.031	5	5	5	1	0	0	-75.453	4.568	-1.204	0	0	0	0	57809709	57809718	0
1546	0	0	4	55	-94.511	-18.593	4.635	0	0	0	0	5	55	-89.96	-27.499	3.939	0	0	0	0	6	55	-90.125	-20.117	18.386	0	0	0	0	7	55	-96.014	-27.334	-5.461	0	0	0	0	8	55	-86.518	-32.503	10.455	0	0	0	0	9	55	-134.597	2.764	10.291	0	0	0	0	10	55	-74.521	1.635	-4.799	0	0	0	0	1	0	-68.693	-9.041	0.031	5	5	5	1	2	0	-68.693	-9.041	0.031	5	5	5	1	0	0	-75.453	4.568	-1.204	0	0	0	0	57809709	57809718	57809718
1562	0	0	4	55	-94.556	-18.688	4.611	0	0	0	0	5	55	-89.982	-27.646	4.071	0	0	0	0	6	55	-90.043	-20.326	18.718	0	0	0	0	7	55	-95.993	-27.555	-5.483	0	0	0	0	8	55	-86.549	-32.52	10.575	0	0	0	0	9	55	-134.529	2.623	10.16	0	0	0	0	10	55	-74.516	1.379	-5.994	0	0	0	0	1	0	-68.693	-9.041	0.031	5	5	5	1	2	0	-68.693	-9.041	0.031	5	5	5	1	0	0	-75.453	4.568	-1.204	0	0	0	0	57809725	57809735	57809735
1579	0	0	4	55	-94.572	-18.831	4.562	0	0	0	0	5	55	-90.003	-27.731	4.012	0	0	0	0	6	55	-90.119	-20.467	18.357	0	0	0	0	7	55	-96.034	-27.654	-5.529	0	0	0	0	8	55	-86.587	-32.579	10.504	0	0	0	0	9	55	-134.57	2.466	10.015	0	0	0	0	10	55	-74.698	1.074	-6.168	0	0	0	0	1	0	-68.693	-9.041	0.031	5	5	5	1	2	0	-68.693	-9.041	0.031	5	5	5	1	0	0	-75.453	4.568	-1.204	0	0	0	0	57809742	57809751	0
1579	0	0	4	55	-94.572	-18.831	4.562	0	0	0	0	5	55	-90.003	-27.731	4.012	0	0	0	0	6	55	-90.119	-20.467	18.357	0	0	0	0	7	55	-96.034	-27.654	-5.529	0	0	0	0	8	55	-86.587	-32.579	10.504	0	0	0	0	9	55	-134.57	2.466	10.015	0	0	0	0	10	55	-74.698	1.074	-6.168	0	0	0	0	1	0	-68.693	-9.041	0.031	5	5	5	1	2	0	-68.693	-9.041	0.031	5	5	5	1	0	0	-75.453	4.568	-1.204	0	0	0	0	57809742	57809752	57809752
1596	0	0	4	55	-94.496	-18.967	4.283	0	0	0	0	5	55	-89.872	-28.01	3.767	0	0	0	0	6	55	-89.961	-20.393	18.155	0	0	0	0	7	55	-95.942	-27.883	-5.797	0	0	0	0	8	55	-86.658	-32.859	10.861	0	0	0	0	9	55	-134.499	2.117	9.688	0	0	0	0	10	55	-73.531	1.081	-10.353	0	0	0	0	1	0	-68.693	-9.041	0.031	5	5	5	1	2	0	-68.693	-9.041	0.031	5	5	5	1	0	0	-75.453	4.568	-1.204	0	0	0	0	57809758	57809768	0
1596	0	0	4	55	-94.496	-18.967	4.283	0	0	0	0	5	55	-89.872	-28.01	3.767	0	0	0	0	6	55	-89.961	-20.393	18.155	0	0	0	0	7	55	-95.942	-27.883	-5.797	0	0	0	0	8	55	-86.658	-32.859	10.861	0	0	0	0	9	55	-134.499	2.117	9.688	0	0	0	0	10	55	-73.531	1.081	-10.353	0	0	0	0	1	0	-68.693	-9.041	0.031	5	5	5	1	2	0	-68.693	-9.041	0.031	5	5	5	1	0	0	-75.453	4.568	-1.204	0	0	0	0	57809759	57809768	57809768
1612	0	0	4	55	-94.481	-18.785	4.146	0	0	0	0	5	55	-89.864	-27.815	3.601	0	0	0	0	6	55	-90.135	-20.242	17.841	0	0	0	0	7	55	-95.979	-27.693	-5.889	0	0	0	0	8	55	-86.252	-32.758	8.774	0	0	0	0	9	55	-134.511	2.312	9.577	0	0	0	0	10	55	-74.617	1.281	-6.985	0	0	0	0	1	0	-68.693	-9.041	0.031	5	5	5	1	2	0	-68.693	-9.041	0.031	5	5	5	1	0	0	-75.453	4.568	-1.204	0	0	0	0	57809775	57809785	57809785
1629	0	0	4	55	-94.482	-18.896	3.892	0	0	0	0	5	55	-89.844	-27.95	3.367	0	0	0	0	6	55	-90.018	-20.631	18.061	0	0	0	0	7	55	-95.897	-27.883	-6.198	0	0	0	0	8	55	-87.192	-32.845	13.688	0	0	0	0	9	55	-134.594	2.176	9.342	0	0	0	0	10	55	-75.313	1.035	-4.479	0	0	0	0	1	0	-68.693	-9.041	0.031	5	5	5	1	2	0	-68.693	-9.041	0.031	5	5	5	1	0	0	-75.453	4.568	-1.204	0	0	0	0	57809792	57809801	0
1630	0	0	4	55	-94.482	-18.896	3.892	0	0	0	0	5	55	-89.844	-27.95	3.367	0	0	0	0	6	55	-90.018	-20.631	18.061	0	0	0	0	7	55	-95.897	-27.883	-6.199	0	0	0	0	8	55	-87.192	-32.845	13.688	0	0	0	0	9	55	-134.594	2.176	9.342	0	0	0	0	10	55	-75.313	1.035	-4.479	0	0	0	0	1	0	-68.693	-9.041	0.031	5	5	5	1	2	0	-68.693	-9.041	0.031	5	5	5	1	0	0	-75.453	4.568	-1.204	0	0	0	0	57809792	57809802	57809802
1646	0	0	4	55	-94.388	-18.644	3.968	0	0	0	0	5	55	-89.798	-27.667	3.504	0	0	0	0	6	55	-89.934	-20.211	17.774	0	0	0	0	7	55	-95.962	-27.663	-6.058	0	0	0	0	8	55	-86.175	-32.897	10.102	0	0	0	0	9	55	-134.444	2.559	9.456	0	0	0	0	10	55	-75.397	1.211	-3.495	0	0	0	0	1	0	-68.693	-9.041	0.031	5	5	5	1	2	0	-68.693	-9.041	0.031	5	5	5	1	0	0	-75.453	4.568	-1.204	0	0	0	0	57809809	57809818	0
1646	0	0	4	55	-94.388	-18.644	3.968	0	0	0	0	5	55	-89.798	-27.667	3.504	0	0	0	0	6	55	-89.934	-20.211	17.774	0	0	0	0	7	55	-95.962	-27.663	-6.058	0	0	0	0	8	55	-86.175	-32.897	10.102	0	0	0	0	9	55	-134.444	2.559	9.456	0	0	0	0	10	55	-75.397	1.211	-3.495	0	0	0	0	1	0	-68.693	-9.041	0.031	5	5	5	1	2	0	-68.693	-9.041	0.031	5	5	5	1	0	0	-75.453	4.568	-1.204	0	0	0	0	57809809	57809818	57809818
1662	0	0	4	55	-94.264	-18.033	3.988	0	0	0	0	5	55	-89.802	-27.083	3.493	0	0	0	0	6	55	-89.733	-19.551	18.081	0	0	0	0	7	55	-95.966	-26.973	-5.98	0	0	0	0	8	55	-86.508	-31.977	9.933	0	0	0	0	9	55	-134.385	3.298	9.499	0	0	0	0	10	55	-75.875	1.878	-1.919	0	0	0	0	1	0	-68.693	-9.041	0.031	5	5	5	1	2	0	-68.693	-9.041	0.031	5	5	5	1	0	0	-75.453	4.568	-1.204	0	0	0	0	57809826	57809834	57809834
1679	0	0	4	55	-94.214	-17.988	3.911	0	0	0	0	5	55	-89.78	-27.067	3.394	0	0	0	0	6	55	-89.912	-19.513	17.697	0	0	0	0	7	55	-95.951	-26.949	-6.044	0	0	0	0	8	55	-86.514	-31.929	9.839	0	0	0	0	9	55	-134.396	3.332	9.407	0	0	0	0	10	55	-75.622	1.934	-2.747	0	0	0	0	1	0	-68.693	-9.041	0.031	5	5	5	1	2	0	-68.693	-9.041	0.031	5	5	5	1	0	0	-75.453	4.568	-1.204	0	0	0	0	57809842	57809851	0
1679	0	0	4	55	-94.214	-17.988	3.911	0	0	0	0	5	55	-89.78	-27.067	3.394	0	0	0	0	6	55	-89.912	-19.513	17.697	0	0	0	0	7	55	-95.951	-26.949	-6.044	0	0	0	0	8	55	-86.514	-31.929	9.839	0	0	0	0	9	55	-134.396	3.332	9.407	0	0	0	0	10	55	-75.622	1.934	-2.747	0	0	0	0	1	0	-68.693	-9.041	0.031	5	5	5	1	2	0	-68.693	-9.041	0.031	5	5	5	1	0	0	-75.453	4.568	-1.204	0	0	0	0	57809842	57809851	57809851
1696	0	0	4	55	-94.27	-17.851	4.11	0	0	0	0	5	55	-89.824	-26.884	3.711	0	0	0	0	6	55	-90.082	-19.145	18.011	0	0	0	0	7	55	-95.909	-26.75	-5.738	0	0	0	0	8	55	-86.535	-31.736	10.099	0	0	0	0	9	55	-134.431	3.537	9.638	0	0	0	0	10	55	-75.571	1.76	-2.153	0	0	0	0	1	0	-68.693	-9.041	0.031	5	5	5	1	2	0	-68.693	-9.041	0.031	5	5	5	1	0	0	-75.453	4.568	-1.204	0	0	0	0	57809861	57809868	0
1696	0	0	4	55	-94.27	-17.851	4.11	0	0	0	0	5	55	-89.824	-26.884	3.711	0	0	0	0	6	55	-90.082	-19.145	18.011	0	0	0	0	7	55	-95.909	-26.75	-5.738	0	0	0	0	8	55	-86.535	-31.736	10.099	0	0	0	0	9	55	-134.431	3.537	9.638	0	0	0	0	10	55	-75.571	1.76	-2.153	0	0	0	0	1	0	-68.693	-9.041	0.031	5	5	5	1	2	0	-68.693	-9.041	0.031	5	5	5	1	0	0	-75.453	4.568	-1.204	0	0	0	0	57809861	57809869	57809869
1712	0	0	4	55	-94.252	-17.968	4.05	0	0	0	0	5	55	-89.838	-26.983	3.689	0	0	0	0	6	55	-89.853	-19.294	17.946	0	0	0	0	7	55	-95.872	-26.835	-5.834	0	0	0	0	8	55	-86.506	-31.758	10.008	0	0	0	0	9	55	-134.397	3.464	9.504	0	0	0	0	10	55	-75.83	2.399	-1.365	0	0	0	0	1	0	-68.693	-9.041	0.031	5	5	5	1	2	0	-68.693	-9.041	0.031	5	5	5	1	0	0	-75.453	4.568	-1.204	0	0	0	0	57809876	57809884	57809884
1729	0	0	4	55	-94.093	-18.407	3.896	0	0	0	0	5	55	-89.602	-27.396	3.54	0	0	0	0	6	55	-89.898	-19.408	17.546	0	0	0	0	7	55	-95.663	-27.236	-5.935	0	0	0	0	8	55	-86.151	-32.213	9.255	0	0	0	0	9	55	-134.325	2.907	9.164	0	0	0	0	10	55	-75.481	1.735	-2.07	0	0	0	0	1	0	-68.693	-9.041	0.031	5	5	5	1	2	0	-68.693	-9.041	0.031	5	5	5	1	0	0	-75.453	4.568	-1.204	0	0	0	0	57809892	57809901	0
1729	0	0	4	55	-94.093	-18.407	3.896	0	0	0	0	5	55	-89.602	-27.396	3.54	0	0	0	0	6	55	-89.898	-19.408	17.546	0	0	0	0	7	55	-95.663	-27.236	-5.935	0	0	0	0	8	55	-86.151	-32.213	9.255	0	0	0	0	9	55	-134.325	2.907	9.164	0	0	0	0	10	55	-75.481	1.735	-2.07	0	0	0	0	1	0	-68.693	-9.041	0.031	5	5	5	1	2	0	-68.693	-9.041	0.031	5	5	5	1	0	0	-75.453	4.568	-1.204	0	0	0	0	57809893	57809901	57809901
1746	0	0	4	55	-94.076	-18.198	3.942	0	0	0	0	5	55	-89.594	-27.425	3.649	0	0	0	0	6	55	-89.773	-19.575	17.806	0	0	0	0	7	55	-95.546	-27.117	-5.853	0	0	0	0	8	55	-86.157	-32.085	9.321	0	0	0	0	9	55	-134.286	2.875	9.144	0	0	0	0	10	55	-75.55	1.875	-1.878	0	0	0	0	1	0	-68.693	-9.041	0.031	5	5	5	1	2	0	-68.693	-9.041	0.031	5	5	5	1	0	0	-75.453	4.568	-1.204	0	0	0	0	57809909	57809918	0
1746	0	0	4	55	-94.076	-18.198	3.942	0	0	0	0	5	55	-89.594	-27.425	3.649	0	0	0	0	6	55	-89.773	-19.575	17.806	0	0	0	0	7	55	-95.546	-27.117	-5.853	0	0	0	0	8	55	-86.157	-32.085	9.321	0	0	0	0	9	55	-134.286	2.875	9.144	0	0	0	0	10	55	-75.55	1.875	-1.878	0	0	0	0	1	0	-68.693	-9.041	0.031	5	5	5	1	2	0	-68.693	-9.041	0.031	5	5	5	1	0	0	-75.453	4.568	-1.204	0	0	0	0	57809909	57809918	57809918
1763	0	0	4	55	-94.029	-18.883	3.506	0	0	0	0	5	55	-89.607	-27.887	3.618	0	0	0	0	6	55	-89.833	-20.13	17.764	0	0	0	0	7	55	-95.679	-27.598	-5.915	0	0	0	0	8	55	-86.135	-32.539	9.304	0	0	0	0	9	55	-134.283	2.343	9.035	0	0	0	0	10	55	-75.834	1.374	-2.37	0	0	0	0	1	0	-68.693	-9.041	0.031	5	5	5	1	2	0	-68.693	-9.041	0.031	5	5	5	1	0	0	-75.453	4.568	-1.204	0	0	0	0	57809926	57809935	57809935
1779	0	0	4	55	-94.361	-18.918	3.333	0	0	0	0	5	55	-89.619	-27.925	3.647	0	0	0	0	6	55	-90.095	-20.251	17.741	0	0	0	0	7	55	-95.65	-27.585	-5.913	0	0	0	0	8	55	-86.141	-32.577	9.384	0	0	0	0	9	55	-134.393	2.364	9.086	0	0	0	0	10	55	-75.452	1.475	-2.2	0	0	0	0	1	0	-68.693	-9.041	0.031	5	5	5	1	2	0	-68.693	-9.041	0.031	5	5	5	1	0	0	-75.453	4.568	-1.204	0	0	0	0	57809942	57809951	0
1779	0	0	4	55	-94.361	-18.918	3.333	0	0	0	0	5	55	-89.619	-27.925	3.647	0	0	0	0	6	55	-90.095	-20.251	17.741	0	0	0	0	7	55	-95.65	-27.585	-5.913	0	0	0	0	8	55	-86.141	-32.577	9.384	0	0	0	0	9	55	-134.393	2.364	9.086	0	0	0	0	10	55	-75.452	1.475	-2.2	0	0	0	0	1	0	-68.693	-9.041	0.031	5	5	5	1	2	0	-68.693	-9.041	0.031	5	5	5	1	0	0	-75.453	4.568	-1.204	0	0	0	0	57809943	57809952	57809952
1796	0	0	4	55	-94.118	-18.753	3.977	0	0	0	0	5	55	-89.593	-27.924	3.576	0	0	0	0	6	55	-90.082	-20.201	17.64	0	0	0	0	7	55	-95.707	-27.557	-5.846	0	0	0	0	8	55	-86.185	-32.592	9.509	0	0	0	0	9	55	-134.392	2.295	9.12	0	0	0	0	10	55	-75.723	1.326	-1.899	0	0	0	0	1	0	-68.693	-9.041	0.031	5	5	5	1	2	0	-68.693	-9.041	0.031	5	5	5	1	0	0	-75.453	4.568	-1.204	0	0	0	0	57809959	57809968	0
1796	0	0	4	55	-94.118	-18.753	3.977	0	0	0	0	5	55	-89.593	-27.924	3.576	0	0	0	0	6	55	-90.082	-20.201	17.64	0	0	0	0	7	55	-95.707	-27.557	-5.846	0	0	0	0	8	55	-86.185	-32.592	9.509	0	0	0	0	9	55	-134.391	2.295	9.12	0	0	0	0	10	55	-75.723	1.326	-1.899	0	0	0	0	1	0	-68.693	-9.041	0.031	5	5	5	1	2	0	-68.693	-9.041	0.031	5	5	5	1	0	0	-75.453	4.568	-1.204	0	0	0	0	57809960	57809968	57809968
1812	0	0	4	55	-94.186	-18.692	4.067	0	0	0	0	5	55	-89.701	-27.912	3.63	0	0	0	0	6	55	-89.871	-20.075	18.013	0	0	0	0	7	55	-95.876	-27.57	-5.786	0	0	0	0	8	55	-86.232	-32.458	9.58	0	0	0	0	9	55	-134.403	2.353	9.342	0	0	0	0	10	55	-75.028	1.04	-3.115	0	0	0	0	1	0	-68.693	-9.041	0.031	5	5	5	1	2	0	-68.693	-9.041	0.031	5	5	5	1	0	0	-75.453	4.568	-1.204	0	0	0	0	57809975	57809985	57809985
1829	0	0	4	55	-94.237	-18.689	4.097	0	0	0	0	5	55	-89.786	-27.904	3.671	0	0	0	0	6	55	-89.863	-19.721	17.836	0	0	0	0	7	55	-95.984	-27.596	-5.75	0	0	0	0	8	55	-86.186	-32.733	9.203	0	0	0	0	9	55	-134.48	2.439	9.418	0	0	0	0	10	55	-75.518	1.55	-3.036	0	0	0	0	1	0	-68.693	-9.041	0.031	5	5	5	1	2	0	-68.693	-9.041	0.031	5	5	5	1	0	0	-75.453	4.568	-1.204	0	0	0	0	57809992	57810001	0
1829	0	0	4	55	-94.237	-18.689	4.097	0	0	0	0	5	55	-89.786	-27.904	3.671	0	0	0	0	6	55	-89.863	-19.721	17.836	0	0	0	0	7	55	-95.984	-27.596	-5.75	0	0	0	0	8	55	-86.186	-32.733	9.203	0	0	0	0	9	55	-134.48	2.439	9.418	0	0	0	0	10	55	-75.518	1.55	-3.036	0	0	0	0	1	0	-68.693	-9.041	0.031	5	5	5	1	2	0	-68.693	-9.041	0.031	5	5	5	1	0	0	-75.453	4.568	-1.204	0	0	0	0	57809992	57810001	57810001
1846	0	0	4	55	-94.286	-19.113	3.784	0	0	0	0	5	55	-89.738	-28.279	3.347	0	0	0	0	6	55	-89.851	-20.629	18.11	0	0	0	0	7	55	-95.871	-28.008	-6.07	0	0	0	0	8	55	-85.95	-33.106	8.188	0	0	0	0	9	55	-134.504	1.955	9.079	0	0	0	0	10	55	-74.572	0.962	-4.273	0	0	0	0	1	0	-68.693	-9.041	0.031	5	5	5	1	2	0	-68.693	-9.041	0.031	5	5	5	1	0	0	-75.453	4.568	-1.204	0	0	0	0	57810009	57810018	0
1846	0	0	4	55	-94.286	-19.113	3.784	0	0	0	0	5	55	-89.738	-28.279	3.347	0	0	0	0	6	55	-89.851	-20.629	18.11	0	0	0	0	7	55	-95.871	-28.008	-6.07	0	0	0	0	8	55	-85.95	-33.106	8.188	0	0	0	0	9	55	-134.504	1.955	9.079	0	0	0	0	10	55	-74.572	0.962	-4.273	0	0	0	0	1	0	-68.693	-9.041	0.031	5	5	5	1	2	0	-68.693	-9.041	0.031	5	5	5	1	0	0	-75.453	4.568	-1.204	0	0	0	0	57810009	57810018	57810018
1862	0	0	4	55	-94.244	-19.106	3.849	0	0	0	0	5	55	-89.755	-28.281	3.338	0	0	0	0	6	55	-89.838	-20.338	17.776	0	0	0	0	7	55	-95.828	-28.01	-6.095	0	0	0	0	8	55	-86.213	-33.033	8.583	0	0	0	0	9	55	-134.534	1.892	9.168	0	0	0	0	10	55	-74.642	0.891	-5.093	0	0	0	0	1	0	-68.693	-9.041	0.031	5	5	5	1	2	0	-68.693	-9.041	0.031	5	5	5	1	0	0	-75.453	4.568	-1.204	0	0	0	0	57810026	57810034	57810034
1879	0	0	4	55	-94.291	-19.056	4.022	0	0	0	0	5	55	-89.819	-28.229	3.477	0	0	0	0	6	55	-89.918	-20.475	17.929	0	0	0	0	7	55	-95.873	-27.952	-5.956	0	0	0	0	8	55	-86.239	-32.988	8.608	0	0	0	0	9	55	-134.491	1.976	9.32	0	0	0	0	10	55	-74.405	1.008	-6.124	0	0	0	0	1	0	-68.693	-9.041	0.031	5	5	5	1	2	0	-68.693	-9.041	0.031	5	5	5	1	0	0	-75.453	4.568	-1.204	0	0	0	0	57810042	57810051	0
1879	0	0	4	55	-94.291	-19.056	4.022	0	0	0	0	5	55	-89.819	-28.229	3.477	0	0	0	0	6	55	-89.918	-20.475	17.929	0	0	0	0	7	55	-95.873	-27.952	-5.956	0	0	0	0	8	55	-86.239	-32.988	8.608	0	0	0	0	9	55	-134.491	1.976	9.32	0	0	0	0	10	55	-74.405	1.008	-6.124	0	0	0	0	1	0	-68.693	-9.041	0.031	5	5	5	1	2	0	-68.693	-9.041	0.031	5	5	5	1	0	0	-75.453	4.568	-1.204	0	0	0	0	57810042	57810051	57810051
1896	0	0	4	55	-94.306	-19.201	3.886	0	0	0	0	5	55	-89.827	-28.43	3.352	0	0	0	0	6	55	-90.073	-20.773	17.741	0	0	0	0	7	55	-95.845	-28.143	-6.16	0	0	0	0	8	55	-86.305	-33.224	8.781	0	0	0	0	9	55	-134.598	1.803	9.253	0	0	0	0	10	55	-73.587	0.685	-8.685	0	0	0	0	1	0	-68.693	-9.041	0.031	5	5	5	1	2	0	-68.693	-9.041	0.031	5	5	5	1	0	0	-75.453	4.568	-1.204	0	0	0	0	57810059	57810068	0
1896	0	0	4	55	-94.306	-19.201	3.886	0	0	0	0	5	55	-89.827	-28.43	3.352	0	0	0	0	6	55	-90.073	-20.773	17.741	0	0	0	0	7	55	-95.845	-28.143	-6.16	0	0	0	0	8	55	-86.305	-33.224	8.781	0	0	0	0	9	55	-134.598	1.803	9.253	0	0	0	0	10	55	-73.587	0.685	-8.686	0	0	0	0	1	0	-68.693	-9.041	0.031	5	5	5	1	2	0	-68.693	-9.041	0.031	5	5	5	1	0	0	-75.453	4.568	-1.204	0	0	0	0	57810059	57810068	57810068
1913	0	0	4	55	-94.323	-18.909	4.135	0	0	0	0	5	55	-89.778	-28.072	3.659	0	0	0	0	6	55	-89.943	-20.534	18.227	0	0	0	0	7	55	-95.81	-27.692	-5.88	0	0	0	0	8	55	-86.257	-32.922	9.096	0	0	0	0	9	55	-134.468	2.205	9.45	0	0	0	0	10	55	-74.702	1.491	-5.468	0	0	0	0	1	0	-68.693	-9.041	0.031	5	5	5	1	2	0	-68.693	-9.041	0.031	5	5	5	1	0	0	-75.453	4.568	-1.204	0	0	0	0	57810076	57810085	57810085
1929	0	0	4	55	-94.252	-18.924	4.03	0	0	0	0	5	55	-89.709	-28.076	3.554	0	0	0	0	6	55	-89.663	-20.418	18.323	0	0	0	0	7	55	-95.7	-27.626	-6.015	0	0	0	0	8	55	-86.214	-32.893	8.914	0	0	0	0	9	55	-134.383	2.166	9.303	0	0	0	0	10	55	-74.966	1.348	-4.258	0	0	0	0	1	0	-68.693	-9.041	0.031	5	5	5	1	2	0	-68.693	-9.041	0.031	5	5	5	1	0	0	-75.453	4.568	-1.204	0	0	0	0	57810093	57810102	0
1930	0	0	4	55	-94.252	-18.924	4.03	0	0	0	0	5	55	-89.709	-28.076	3.554	0	0	0	0	6	55	-89.663	-20.418	18.323	0	0	0	0	7	55	-95.7	-27.626	-6.015	0	0	0	0	8	55	-86.214	-32.893	8.914	0	0	0	0	9	55	-134.383	2.166	9.303	0	0	0	0	10	55	-74.966	1.348	-4.258	0	0	0	0	1	0	-68.693	-9.041	0.031	5	5	5	1	2	0	-68.693	-9.041	0.031	5	5	5	1	0	0	-75.453	4.568	-1.204	0	0	0	0	57810093	57810102	57810102
1946	0	0	4	55	-94.231	-18.431	4.256	0	0	0	0	5	55	-89.786	-27.518	3.719	0	0	0	0	6	55	-89.919	-19.86	18.233	0	0	0	0	7	55	-95.828	-27.098	-5.847	0	0	0	0	8	55	-86.265	-32.368	9.042	0	0	0	0	9	55	-134.232	2.86	9.508	0	0	0	0	10	55	-74.216	1.961	-5.53	0	0	0	0	1	0	-68.693	-9.041	0.031	5	5	5	1	2	0	-68.693	-9.041	0.031	5	5	5	1	0	0	-75.453	4.568	-1.204	0	0	0	0	57810108	57810118	0
1946	0	0	4	55	-94.231	-18.431	4.256	0	0	0	0	5	55	-89.786	-27.518	3.719	0	0	0	0	6	55	-89.919	-19.86	18.233	0	0	0	0	7	55	-95.828	-27.098	-5.847	0	0	0	0	8	55	-86.265	-32.368	9.042	0	0	0	0	9	55	-134.232	2.86	9.508	0	0	0	0	10	55	-74.216	1.961	-5.53	0	0	0	0	1	0	-68.693	-9.041	0.031	5	5	5	1	2	0	-68.693	-9.041	0.031	5	5	5	1	0	0	-75.453	4.568	-1.204	0	0	0	0	57810108	57810118	57810118
1962	0	0	4	55	-94.242	-18.612	4.227	0	0	0	0	5	55	-89.774	-27.621	3.708	0	0	0	0	6	55	-89.987	-20.115	18.244	0	0	0	0	7	55	-95.758	-27.22	-5.856	0	0	0	0	8	55	-86.267	-32.468	8.983	0	0	0	0	9	55	-134.443	2.729	9.523	0	0	0	0	10	55	-73.516	1.847	-6.381	0	0	0	0	1	0	-68.693	-9.041	0.031	5	5	5	1	2	0	-68.693	-9.041	0.031	5	5	5	1	0	0	-75.453	4.568	-1.204	0	0	0	0	57810125	57810134	57810134
1979	0	0	4	55	-94.134	-18.84	4.164	0	0	0	0	5	55	-89.619	-27.817	3.625	0	0	0	0	6	55	-89.816	-20.069	18.08	0	0	0	0	7	55	-95.684	-27.539	-5.938	0	0	0	0	8	55	-85.977	-32.644	8.444	0	0	0	0	9	55	-134.506	2.429	9.396	0	0	0	0	10	55	-74.241	1.853	-3.92	0	0	0	0	1	0	-68.693	-9.041	0.031	5	5	5	1	2	0	-68.693	-9.041	0.031	5	5	5	1	0	0	-75.453	4.568	-1.204	0	0	0	0	57810142	57810151	0
1979	0	0	4	55	-94.134	-18.84	4.164	0	0	0	0	5	55	-89.619	-27.817	3.625	0	0	0	0	6	55	-89.816	-20.069	18.08	0	0	0	0	7	55	-95.684	-27.539	-5.938	0	0	0	0	8	55	-85.977	-32.644	8.444	0	0	0	0	9	55	-134.506	2.429	9.396	0	0	0	0	10	55	-74.241	1.853	-3.92	0	0	0	0	1	0	-68.693	-9.041	0.031	5	5	5	1	2	0	-68.693	-9.041	0.031	5	5	5	1	0	0	-75.453	4.568	-1.204	0	0	0	0	57810142	57810151	57810151
1996	0	0	4	55	-94.212	-18.635	4.331	0	0	0	0	5	55	-89.742	-27.562	3.831	0	0	0	0	6	55	-89.925	-19.812	18.361	0	0	0	0	7	55	-95.812	-27.255	-5.773	0	0	0	0	8	55	-85.968	-32.368	8.043	0	0	0	0	9	55	-134.453	2.79	9.541	0	0	0	0	10	55	-74.658	2.176	-3.168	0	0	0	0	1	0	-68.693	-9.041	0.031	5	5	5	1	2	0	-68.693	-9.041	0.031	5	5	5	1	0	0	-75.453	4.568	-1.204	0	0	0	0	57810159	57810168	0
1996	0	0	4	55	-94.212	-18.635	4.331	0	0	0	0	5	55	-89.742	-27.562	3.831	0	0	0	0	6	55	-89.925	-19.812	18.361	0	0	0	0	7	55	-95.812	-27.255	-5.773	0	0	0	0	8	55	-85.968	-32.368	8.043	0	0	0	0	9	55	-134.453	2.79	9.541	0	0	0	0	10	55	-74.658	2.176	-3.168	0	0	0	0	1	0	-68.693	-9.041	0.031	5	5	5	1	2	0	-68.693	-9.041	0.031	5	5	5	1	0	0	-75.453	4.568	-1.204	0	0	0	0	57810159	57810168	57810168
2012	0	0	4	55	-94.203	-18.492	4.52	0	0	0	0	5	55	-89.792	-27.457	3.915	0	0	0	0	6	55	-89.999	-19.699	18.585	0	0	0	0	7	55	-95.864	-27.269	-5.619	0	0	0	0	8	55	-86.491	-31.949	10.708	0	0	0	0	9	55	-134.528	2.856	9.702	0	0	0	0	10	55	-75.331	2.683	-2.395	0	0	0	0	1	0	-68.693	-9.041	0.031	5	5	5	1	2	0	-68.693	-9.041	0.031	5	5	5	1	0	0	-75.453	4.568	-1.204	0	0	0	0	57810176	57810185	57810185
2029	0	0	4	55	-94.304	-18.606	4.59	0	0	0	0	5	55	-89.815	-27.531	3.983	0	0	0	0	6	55	-90.06	-19.808	18.514	0	0	0	0	7	55	-95.957	-27.398	-5.567	0	0	0	0	8	55	-86.109	-32.358	8.38	0	0	0	0	9	55	-134.628	2.737	9.803	0	0	0	0	10	55	-75.427	2.716	-2.064	0	0	0	0	1	0	-68.693	-9.041	0.031	5	5	5	1	2	0	-68.693	-9.041	0.031	5	5	5	1	0	0	-75.453	4.568	-1.204	0	0	0	0	57810192	57810201	0
2029	0	0	4	55	-94.304	-18.606	4.59	0	0	0	0	5	55	-89.815	-27.531	3.983	0	0	0	0	6	55	-90.06	-19.808	18.514	0	0	0	0	7	55	-95.957	-27.398	-5.567	0	0	0	0	8	55	-86.109	-32.358	8.38	0	0	0	0	9	55	-134.628	2.737	9.803	0	0	0	0	10	55	-75.427	2.716	-2.064	0	0	0	0	1	0	-68.693	-9.041	0.031	5	5	5	1	2	0	-68.693	-9.041	0.031	5	5	5	1	0	0	-75.453	4.568	-1.204	0	0	0	0	57810192	57810201	57810202
2046	0	0	4	55	-94.437	-18.79	4.734	0	0	0	0	5	55	-89.879	-27.685	4.152	0	0	0	0	6	55	-90.178	-19.919	18.599	0	0	0	0	7	55	-96.078	-27.602	-5.36	0	0	0	0	8	55	-86.276	-32.452	8.844	0	0	0	0	9	55	-134.965	2.542	9.999	0	0	0	0	10	55	-74.748	2.348	-3.398	0	0	0	0	1	0	-68.693	-9.041	0.031	5	5	5	1	2	0	-68.693	-9.041	0.031	5	5	5	1	0	0	-75.453	4.568	-1.204	0	0	0	0	57810209	57810218	0
2046	0	0	4	55	-94.437	-18.79	4.734	0	0	0	0	5	55	-89.879	-27.685	4.152	0	0	0	0	6	55	-90.178	-19.919	18.599	0	0	0	0	7	55	-96.078	-27.602	-5.36	0	0	0	0	8	55	-86.276	-32.452	8.844	0	0	0	0	9	55	-134.965	2.542	9.999	0	0	0	0	10	55	-74.748	2.348	-3.398	0	0	0	0	1	0	-68.693	-9.041	0.031	5	5	5	1	2	0	-68.693	-9.041	0.031	5	5	5	1	0	0	-75.453	4.568	-1.204	0	0	0	0	57810209	57810218	57810218
2063	0	0	4	55	-94.572	-18.585	4.906	0	0	0	0	5	55	-89.941	-27.643	4.327	0	0	0	0	6	55	-90.131	-20.166	19.147	0	0	0	0	7	55	-96.12	-27.535	-5.244	0	0	0	0	8	55	-86.398	-32.403	9.372	0	0	0	0	9	55	-134.969	2.699	10.216	0	0	0	0	10	55	-75.437	2.705	-2.142	0	0	0	0	1	0	-68.693	-9.041	0.031	5	5	5	1	2	0	-68.693	-9.041	0.031	5	5	5	1	0	0	-75.453	4.568	-1.204	0	0	0	0	57810226	57810235	57810235
2079	0	0	4	55	-94.534	-18.469	4.949	0	0	0	0	5	55	-89.945	-27.545	4.413	0	0	0	0	6	55	-90.257	-19.919	18.879	0	0	0	0	7	55	-96.132	-27.388	-5.182	0	0	0	0	8	55	-86.476	-32.35	9.567	0	0	0	0	9	55	-134.947	2.839	10.299	0	0	0	0	10	55	-75.338	2.777	-1.813	0	0	0	0	1	0	-68.693	-9.041	0.031	5	5	5	1	2	0	-68.693	-9.041	0.031	5	5	5	1	0	0	-75.453	4.568	-1.204	0	0	0	0	57810243	57810252	0
2080	0	0	4	55	-94.534	-18.469	4.949	0	0	0	0	5	55	-89.945	-27.545	4.413	0	0	0	0	6	55	-90.257	-19.919	18.879	0	0	0	0	7	55	-96.132	-27.388	-5.182	0	0	0	0	8	55	-86.476	-32.35	9.567	0	0	0	0	9	55	-134.947	2.839	10.299	0	0	0	0	10	55	-75.338	2.777	-1.813	0	0	0	0	1	0	-68.693	-9.041	0.031	5	5	5	1	2	0	-68.693	-9.041	0.031	5	5	5	1	0	0	-75.453	4.568	-1.204	0	0	0	0	57810243	57810252	57810252
2096	0	0	4	55	-94.442	-18.502	4.897	0	0	0	0	5	55	-89.846	-27.547	4.299	0	0	0	0	6	55	-90.26	-19.637	18.67	0	0	0	0	7	55	-96.009	-27.431	-5.219	0	0	0	0	8	55	-86.534	-32.331	10.187	0	0	0	0	9	55	-134.909	2.703	10.169	0	0	0	0	10	55	-75.479	2.348	-1.758	0	0	0	0	1	0	-68.693	-9.041	0.031	5	5	5	1	2	0	-68.693	-9.041	0.031	5	5	5	1	0	0	-75.453	4.568	-1.204	0	0	0	0	57810259	57810268	0
2096	0	0	4	55	-94.442	-18.502	4.897	0	0	0	0	5	55	-89.846	-27.547	4.299	0	0	0	0	6	55	-90.26	-19.637	18.67	0	0	0	0	7	55	-96.009	-27.431	-5.219	0	0	0	0	8	55	-86.534	-32.331	10.187	0	0	0	0	9	55	-134.909	2.703	10.169	0	0	0	0	10	55	-75.479	2.348	-1.758	0	0	0	0	1	0	-68.693	-9.041	0.031	5	5	5	1	2	0	-68.693	-9.041	0.031	5	5	5	1	0	0	-75.453	4.568	-1.204	0	0	0	0	57810259	57810268	57810268
2112	0	0	4	55	-94.424	-18.631	4.765	0	0	0	0	5	55	-89.845	-27.661	4.242	0	0	0	0	6	55	-90.248	-20.108	18.694	0	0	0	0	7	55	-95.97	-27.594	-5.386	0	0	0	0	8	55	-86.484	-32.474	9.82	0	0	0	0	9	55	-134.993	2.518	10.051	0	0	0	0	10	55	-75.439	2.321	-2.024	0	0	0	0	1	0	-68.693	-9.041	0.031	5	5	5	1	2	0	-68.693	-9.041	0.031	5	5	5	1	0	0	-75.453	4.568	-1.204	0	0	0	0	57810275	57810284	57810285
